assay,value,cell_line,inhibitor,ASA,FU,replicate
7AAD,9.81106,HCT116,None,0,0,1
7AAD,8.4342,HCT116,None,0,0,2
7AAD,6.70707,HCT116,None,0,0,3
7AAD,10.43407,HCT116,None,0,50,1
7AAD,9.76766,HCT116,None,0,50,2
7AAD,10.12908,HCT116,None,0,50,3
7AAD,9.37286,HCT116,None,0,75,1
7AAD,8.75477,HCT116,None,0,75,2
7AAD,8.72792,HCT116,None,0,75,3
7AAD,9.01544,HCT116,None,2.5,0,1
7AAD,9.26396,HCT116,None,2.5,0,2
7AAD,7.57612,HCT116,None,2.5,0,3
7AAD,12.62718,HCT116,None,2.5,50,1
7AAD,11.62505,HCT116,None,2.5,50,2
7AAD,12.70514,HCT116,None,2.5,50,3
7AAD,13.52943,HCT116,None,2.5,75,1
7AAD,11.04237,HCT116,None,2.5,75,2
7AAD,13.45524,HCT116,None,2.5,75,3
7AAD,8.5058,HCT116,None,5,0,1
7AAD,10.46457,HCT116,None,5,0,2
7AAD,10.35731,HCT116,None,5,0,3
7AAD,15.63501,HCT116,None,5,50,1
7AAD,13.45222,HCT116,None,5,50,2
7AAD,13.97811,HCT116,None,5,50,3
7AAD,12.79766,HCT116,None,5,75,1
7AAD,13.71442,HCT116,None,5,75,2
7AAD,14.79727,HCT116,None,5,75,3
7AAD,9.71531,HCT116,3-MA,0,0,1
7AAD,9.34484,HCT116,3-MA,0,0,2
7AAD,10.55383,HCT116,3-MA,0,0,3
7AAD,12.3609,HCT116,3-MA,0,50,1
7AAD,11.15781,HCT116,3-MA,0,50,2
7AAD,11.11008,HCT116,3-MA,0,50,3
7AAD,11.46744,HCT116,3-MA,0,75,1
7AAD,12.74829,HCT116,3-MA,0,75,2
7AAD,13.3638,HCT116,3-MA,0,75,3
7AAD,8.33692,HCT116,3-MA,2.5,0,1
7AAD,11.10979,HCT116,3-MA,2.5,0,2
7AAD,10.71559,HCT116,3-MA,2.5,0,3
7AAD,15.62245,HCT116,3-MA,2.5,50,1
7AAD,14.86971,HCT116,3-MA,2.5,50,2
7AAD,12.47485,HCT116,3-MA,2.5,50,3
7AAD,14.10574,HCT116,3-MA,2.5,75,1
7AAD,13.19711,HCT116,3-MA,2.5,75,2
7AAD,15.101,HCT116,3-MA,2.5,75,3
7AAD,13.84424,HCT116,3-MA,5,0,1
7AAD,12.05423,HCT116,3-MA,5,0,2
7AAD,12.70591,HCT116,3-MA,5,0,3
7AAD,17.44512,HCT116,3-MA,5,50,1
7AAD,14.79725,HCT116,3-MA,5,50,2
7AAD,13.73831,HCT116,3-MA,5,50,3
7AAD,17.29786,HCT116,3-MA,5,75,1
7AAD,16.40091,HCT116,3-MA,5,75,2
7AAD,16.7998,HCT116,3-MA,5,75,3
7AAD,9.90494,HCT116,CQ,0,0,1
7AAD,11.74705,HCT116,CQ,0,0,2
7AAD,8.00717,HCT116,CQ,0,0,3
7AAD,12.92799,HCT116,CQ,0,50,1
7AAD,11.65105,HCT116,CQ,0,50,2
7AAD,11.72873,HCT116,CQ,0,50,3
7AAD,12.19008,HCT116,CQ,0,75,1
7AAD,13.8558,HCT116,CQ,0,75,2
7AAD,12.55992,HCT116,CQ,0,75,3
7AAD,11.51586,HCT116,CQ,2.5,0,1
7AAD,12.58674,HCT116,CQ,2.5,0,2
7AAD,10.1984,HCT116,CQ,2.5,0,3
7AAD,15.98133,HCT116,CQ,2.5,50,1
7AAD,14.04578,HCT116,CQ,2.5,50,2
7AAD,11.23572,HCT116,CQ,2.5,50,3
7AAD,16.19202,HCT116,CQ,2.5,75,1
7AAD,17.37316,HCT116,CQ,2.5,75,2
7AAD,16.87633,HCT116,CQ,2.5,75,3
7AAD,12.27608,HCT116,CQ,5,0,1
7AAD,12.21867,HCT116,CQ,5,0,2
7AAD,10.48663,HCT116,CQ,5,0,3
7AAD,16.8312,HCT116,CQ,5,50,1
7AAD,17.8398,HCT116,CQ,5,50,2
7AAD,18.61295,HCT116,CQ,5,50,3
7AAD,17.33486,HCT116,CQ,5,75,1
7AAD,18.48729,HCT116,CQ,5,75,2
7AAD,16.86051,HCT116,CQ,5,75,3
7AAD,9.78321,HT29,None,0,0,1
7AAD,8.00642,HT29,None,0,0,2
7AAD,9.216,HT29,None,0,0,3
7AAD,12.51806,HT29,None,0,50,1
7AAD,9.41649,HT29,None,0,50,2
7AAD,13.09509,HT29,None,0,50,3
7AAD,11.47707,HT29,None,0,75,1
7AAD,11.99682,HT29,None,0,75,2
7AAD,9.18603,HT29,None,0,75,3
7AAD,7.99317,HT29,None,2.5,0,1
7AAD,13.20877,HT29,None,2.5,0,2
7AAD,12.10231,HT29,None,2.5,0,3
7AAD,14.75192,HT29,None,2.5,50,1
7AAD,13.74028,HT29,None,2.5,50,2
7AAD,13.38204,HT29,None,2.5,50,3
7AAD,13.5489,HT29,None,2.5,75,1
7AAD,12.27231,HT29,None,2.5,75,2
7AAD,13.49112,HT29,None,2.5,75,3
7AAD,9.05814,HT29,None,5,0,1
7AAD,13.29573,HT29,None,5,0,2
7AAD,11.59191,HT29,None,5,0,3
7AAD,12.97939,HT29,None,5,50,1
7AAD,13.13171,HT29,None,5,50,2
7AAD,13.76224,HT29,None,5,50,3
7AAD,16.42918,HT29,None,5,75,1
7AAD,14.83911,HT29,None,5,75,2
7AAD,17.6488,HT29,None,5,75,3
7AAD,10.10054,HT29,3-MA,0,0,1
7AAD,10.37379,HT29,3-MA,0,0,2
7AAD,11.59794,HT29,3-MA,0,0,3
7AAD,11.94882,HT29,3-MA,0,50,1
7AAD,14.97477,HT29,3-MA,0,50,2
7AAD,11.96742,HT29,3-MA,0,50,3
7AAD,12.56867,HT29,3-MA,0,75,1
7AAD,14.56679,HT29,3-MA,0,75,2
7AAD,15.23414,HT29,3-MA,0,75,3
7AAD,15.07048,HT29,3-MA,2.5,0,1
7AAD,12.57553,HT29,3-MA,2.5,0,2
7AAD,10.63515,HT29,3-MA,2.5,0,3
7AAD,15.32351,HT29,3-MA,2.5,50,1
7AAD,11.43468,HT29,3-MA,2.5,50,2
7AAD,16.17035,HT29,3-MA,2.5,50,3
7AAD,16.27827,HT29,3-MA,2.5,75,1
7AAD,18.7487,HT29,3-MA,2.5,75,2
7AAD,13.7232,HT29,3-MA,2.5,75,3
7AAD,13.56227,HT29,3-MA,5,0,1
7AAD,12.39381,HT29,3-MA,5,0,2
7AAD,14.44037,HT29,3-MA,5,0,3
7AAD,17.75675,HT29,3-MA,5,50,1
7AAD,15.08973,HT29,3-MA,5,50,2
7AAD,13.93797,HT29,3-MA,5,50,3
7AAD,20.4434,HT29,3-MA,5,75,1
7AAD,19.29617,HT29,3-MA,5,75,2
7AAD,18.96471,HT29,3-MA,5,75,3
7AAD,11.2692,HT29,CQ,0,0,1
7AAD,10.85056,HT29,CQ,0,0,2
7AAD,12.9528,HT29,CQ,0,0,3
7AAD,13.97643,HT29,CQ,0,50,1
7AAD,12.64135,HT29,CQ,0,50,2
7AAD,14.36872,HT29,CQ,0,50,3
7AAD,13.94182,HT29,CQ,0,75,1
7AAD,15.96764,HT29,CQ,0,75,2
7AAD,17.84465,HT29,CQ,0,75,3
7AAD,12.71186,HT29,CQ,2.5,0,1
7AAD,14.15631,HT29,CQ,2.5,0,2
7AAD,12.70404,HT29,CQ,2.5,0,3
7AAD,14.81549,HT29,CQ,2.5,50,1
7AAD,17.5514,HT29,CQ,2.5,50,2
7AAD,16.12485,HT29,CQ,2.5,50,3
7AAD,15.50561,HT29,CQ,2.5,75,1
7AAD,17.10967,HT29,CQ,2.5,75,2
7AAD,16.5127,HT29,CQ,2.5,75,3
7AAD,15.00777,HT29,CQ,5,0,1
7AAD,13.9432,HT29,CQ,5,0,2
7AAD,13.38795,HT29,CQ,5,0,3
7AAD,19.74577,HT29,CQ,5,50,1
7AAD,16.65577,HT29,CQ,5,50,2
7AAD,17.58894,HT29,CQ,5,50,3
7AAD,21.10954,HT29,CQ,5,75,1
7AAD,21.58818,HT29,CQ,5,75,2
7AAD,18.88433,HT29,CQ,5,75,3
CFSE,61.3379,HCT116,None,0,0,1
CFSE,61.83429,HCT116,None,0,0,2
CFSE,62.65741,HCT116,None,0,0,3
CFSE,58.04039,HCT116,None,0,50,1
CFSE,64.27415,HCT116,None,0,50,2
CFSE,52.61366,HCT116,None,0,50,3
CFSE,47.18901,HCT116,None,0,75,1
CFSE,53.96667,HCT116,None,0,75,2
CFSE,61.86666,HCT116,None,0,75,3
CFSE,63.61196,HCT116,None,2.5,0,1
CFSE,50.74108,HCT116,None,2.5,0,2
CFSE,44.62896,HCT116,None,2.5,0,3
CFSE,48.66676,HCT116,None,2.5,50,1
CFSE,51.03231,HCT116,None,2.5,50,2
CFSE,49.82727,HCT116,None,2.5,50,3
CFSE,47.15104,HCT116,None,2.5,75,1
CFSE,52.00893,HCT116,None,2.5,75,2
CFSE,45.48866,HCT116,None,2.5,75,3
CFSE,51.56738,HCT116,None,5,0,1
CFSE,48.06205,HCT116,None,5,0,2
CFSE,49.82,HCT116,None,5,0,3
CFSE,49.15666,HCT116,None,5,50,1
CFSE,39.31614,HCT116,None,5,50,2
CFSE,52.17599,HCT116,None,5,50,3
CFSE,41.73279,HCT116,None,5,75,1
CFSE,38.93227,HCT116,None,5,75,2
CFSE,43.25227,HCT116,None,5,75,3
CFSE,56.68175,HCT116,3-MA,0,0,1
CFSE,56.95531,HCT116,3-MA,0,0,2
CFSE,56.60052,HCT116,3-MA,0,0,3
CFSE,54.75111,HCT116,3-MA,0,50,1
CFSE,57.9565,HCT116,3-MA,0,50,2
CFSE,55.66408,HCT116,3-MA,0,50,3
CFSE,56.03432,HCT116,3-MA,0,75,1
CFSE,48.59599,HCT116,3-MA,0,75,2
CFSE,56.50909,HCT116,3-MA,0,75,3
CFSE,49.22171,HCT116,3-MA,2.5,0,1
CFSE,55.20059,HCT116,3-MA,2.5,0,2
CFSE,49.73236,HCT116,3-MA,2.5,0,3
CFSE,52.22739,HCT116,3-MA,2.5,50,1
CFSE,42.70325,HCT116,3-MA,2.5,50,2
CFSE,39.24915,HCT116,3-MA,2.5,50,3
CFSE,40.21079,HCT116,3-MA,2.5,75,1
CFSE,38.61793,HCT116,3-MA,2.5,75,2
CFSE,49.42238,HCT116,3-MA,2.5,75,3
CFSE,48.13918,HCT116,3-MA,5,0,1
CFSE,50.81425,HCT116,3-MA,5,0,2
CFSE,48.4124,HCT116,3-MA,5,0,3
CFSE,40.71502,HCT116,3-MA,5,50,1
CFSE,37.40366,HCT116,3-MA,5,50,2
CFSE,44.89869,HCT116,3-MA,5,50,3
CFSE,41.57546,HCT116,3-MA,5,75,1
CFSE,30.23418,HCT116,3-MA,5,75,2
CFSE,36.85383,HCT116,3-MA,5,75,3
CFSE,61.45962,HCT116,CQ,0,0,1
CFSE,55.99004,HCT116,CQ,0,0,2
CFSE,52.56283,HCT116,CQ,0,0,3
CFSE,48.79471,HCT116,CQ,0,50,1
CFSE,50.57444,HCT116,CQ,0,50,2
CFSE,52.09178,HCT116,CQ,0,50,3
CFSE,54.42422,HCT116,CQ,0,75,1
CFSE,47.70543,HCT116,CQ,0,75,2
CFSE,47.54854,HCT116,CQ,0,75,3
CFSE,60.30075,HCT116,CQ,2.5,0,1
CFSE,46.23439,HCT116,CQ,2.5,0,2
CFSE,50.0534,HCT116,CQ,2.5,0,3
CFSE,43.20225,HCT116,CQ,2.5,50,1
CFSE,40.30186,HCT116,CQ,2.5,50,2
CFSE,42.7907,HCT116,CQ,2.5,50,3
CFSE,42.57655,HCT116,CQ,2.5,75,1
CFSE,41.00079,HCT116,CQ,2.5,75,2
CFSE,45.64767,HCT116,CQ,2.5,75,3
CFSE,47.90766,HCT116,CQ,5,0,1
CFSE,39.92276,HCT116,CQ,5,0,2
CFSE,49.1884,HCT116,CQ,5,0,3
CFSE,28.77221,HCT116,CQ,5,50,1
CFSE,39.63918,HCT116,CQ,5,50,2
CFSE,39.39019,HCT116,CQ,5,50,3
CFSE,39.63738,HCT116,CQ,5,75,1
CFSE,34.12313,HCT116,CQ,5,75,2
CFSE,34.15367,HCT116,CQ,5,75,3
CFSE,62.53948,HT29,None,0,0,1
CFSE,55.72876,HT29,None,0,0,2
CFSE,66.14079,HT29,None,0,0,3
CFSE,53.85185,HT29,None,0,50,1
CFSE,46.17746,HT29,None,0,50,2
CFSE,48.38832,HT29,None,0,50,3
CFSE,46.01619,HT29,None,0,75,1
CFSE,47.52616,HT29,None,0,75,2
CFSE,45.46387,HT29,None,0,75,3
CFSE,50.87335,HT29,None,2.5,0,1
CFSE,56.69096,HT29,None,2.5,0,2
CFSE,61.39455,HT29,None,2.5,0,3
CFSE,44.6105,HT29,None,2.5,50,1
CFSE,44.05001,HT29,None,2.5,50,2
CFSE,50.49734,HT29,None,2.5,50,3
CFSE,39.32465,HT29,None,2.5,75,1
CFSE,32.91887,HT29,None,2.5,75,2
CFSE,42.86213,HT29,None,2.5,75,3
CFSE,48.04218,HT29,None,5,0,1
CFSE,49.93266,HT29,None,5,0,2
CFSE,53.98757,HT29,None,5,0,3
CFSE,38.75871,HT29,None,5,50,1
CFSE,44.53539,HT29,None,5,50,2
CFSE,37.81797,HT29,None,5,50,3
CFSE,33.47888,HT29,None,5,75,1
CFSE,33.86305,HT29,None,5,75,2
CFSE,29.93792,HT29,None,5,75,3
CFSE,55.35282,HT29,3-MA,0,0,1
CFSE,59.71488,HT29,3-MA,0,0,2
CFSE,61.08266,HT29,3-MA,0,0,3
CFSE,49.28158,HT29,3-MA,0,50,1
CFSE,44.72634,HT29,3-MA,0,50,2
CFSE,51.51761,HT29,3-MA,0,50,3
CFSE,49.7763,HT29,3-MA,0,75,1
CFSE,48.49345,HT29,3-MA,0,75,2
CFSE,42.22429,HT29,3-MA,0,75,3
CFSE,50.7179,HT29,3-MA,2.5,0,1
CFSE,54.75244,HT29,3-MA,2.5,0,2
CFSE,52.85471,HT29,3-MA,2.5,0,3
CFSE,37.76954,HT29,3-MA,2.5,50,1
CFSE,45.99755,HT29,3-MA,2.5,50,2
CFSE,45.05266,HT29,3-MA,2.5,50,3
CFSE,47.92153,HT29,3-MA,2.5,75,1
CFSE,43.63528,HT29,3-MA,2.5,75,2
CFSE,33.75303,HT29,3-MA,2.5,75,3
CFSE,51.44664,HT29,3-MA,5,0,1
CFSE,44.97926,HT29,3-MA,5,0,2
CFSE,49.05229,HT29,3-MA,5,0,3
CFSE,37.12966,HT29,3-MA,5,50,1
CFSE,39.40384,HT29,3-MA,5,50,2
CFSE,44.76347,HT29,3-MA,5,50,3
CFSE,38.68448,HT29,3-MA,5,75,1
CFSE,37.56197,HT29,3-MA,5,75,2
CFSE,31.46667,HT29,3-MA,5,75,3
CFSE,49.21056,HT29,CQ,0,0,1
CFSE,58.50462,HT29,CQ,0,0,2
CFSE,50.77063,HT29,CQ,0,0,3
CFSE,50.24474,HT29,CQ,0,50,1
CFSE,50.75257,HT29,CQ,0,50,2
CFSE,45.91589,HT29,CQ,0,50,3
CFSE,45.4851,HT29,CQ,0,75,1
CFSE,52.14188,HT29,CQ,0,75,2
CFSE,47.92398,HT29,CQ,0,75,3
CFSE,43.67192,HT29,CQ,2.5,0,1
CFSE,48.58791,HT29,CQ,2.5,0,2
CFSE,44.76253,HT29,CQ,2.5,0,3
CFSE,44.26313,HT29,CQ,2.5,50,1
CFSE,44.17427,HT29,CQ,2.5,50,2
CFSE,39.55246,HT29,CQ,2.5,50,3
CFSE,37.3267,HT29,CQ,2.5,75,1
CFSE,38.41369,HT29,CQ,2.5,75,2
CFSE,37.12257,HT29,CQ,2.5,75,3
CFSE,40.64254,HT29,CQ,5,0,1
CFSE,42.87267,HT29,CQ,5,0,2
CFSE,47.94679,HT29,CQ,5,0,3
CFSE,35.54714,HT29,CQ,5,50,1
CFSE,37.67746,HT29,CQ,5,50,2
CFSE,35.3116,HT29,CQ,5,50,3
CFSE,26.1797,HT29,CQ,5,75,1
CFSE,24.12004,HT29,CQ,5,75,2
CFSE,32.02762,HT29,CQ,5,75,3
Necrosis,4.82445,HCT116,None,0,0,1
Necrosis,7.25272,HCT116,None,0,0,2
Necrosis,4.2762,HCT116,None,0,0,3
Necrosis,7.63065,HCT116,None,0,50,1
Necrosis,6.04862,HCT116,None,0,50,2
Necrosis,4.95646,HCT116,None,0,50,3
Necrosis,6.95151,HCT116,None,0,75,1
Necrosis,8.04848,HCT116,None,0,75,2
Necrosis,5.99357,HCT116,None,0,75,3
Necrosis,6.14531,HCT116,None,2.5,0,1
Necrosis,7.13134,HCT116,None,2.5,0,2
Necrosis,7.0469,HCT116,None,2.5,0,3
Necrosis,7.71931,HCT116,None,2.5,50,1
Necrosis,8.04337,HCT116,None,2.5,50,2
Necrosis,6.7294,HCT116,None,2.5,50,3
Necrosis,8.37053,HCT116,None,2.5,75,1
Necrosis,9.05924,HCT116,None,2.5,75,2
Necrosis,7.10468,HCT116,None,2.5,75,3
Necrosis,6.7253,HCT116,None,5,0,1
Necrosis,10.2833,HCT116,None,5,0,2
Necrosis,7.84942,HCT116,None,5,0,3
Necrosis,8.9396,HCT116,None,5,50,1
Necrosis,8.49275,HCT116,None,5,50,2
Necrosis,7.41859,HCT116,None,5,50,3
Necrosis,6.77446,HCT116,None,5,75,1
Necrosis,8.1421,HCT116,None,5,75,2
Necrosis,8.77391,HCT116,None,5,75,3
Necrosis,5.72523,HCT116,3-MA,0,0,1
Necrosis,4.10244,HCT116,3-MA,0,0,2
Necrosis,7.63203,HCT116,3-MA,0,0,3
Necrosis,7.52508,HCT116,3-MA,0,50,1
Necrosis,8.30206,HCT116,3-MA,0,50,2
Necrosis,7.88671,HCT116,3-MA,0,50,3
Necrosis,7.63203,HCT116,3-MA,0,75,1
Necrosis,10.9637,HCT116,3-MA,0,75,2
Necrosis,7.15568,HCT116,3-MA,0,75,3
Necrosis,5.99119,HCT116,3-MA,2.5,0,1
Necrosis,6.11317,HCT116,3-MA,2.5,0,2
Necrosis,6.39946,HCT116,3-MA,2.5,0,3
Necrosis,7.97391,HCT116,3-MA,2.5,50,1
Necrosis,8.13654,HCT116,3-MA,2.5,50,2
Necrosis,7.61684,HCT116,3-MA,2.5,50,3
Necrosis,10.54676,HCT116,3-MA,2.5,75,1
Necrosis,7.9554,HCT116,3-MA,2.5,75,2
Necrosis,11.3423,HCT116,3-MA,2.5,75,3
Necrosis,7.9303,HCT116,3-MA,5,0,1
Necrosis,7.79786,HCT116,3-MA,5,0,2
Necrosis,8.21496,HCT116,3-MA,5,0,3
Necrosis,8.37294,HCT116,3-MA,5,50,1
Necrosis,9.82169,HCT116,3-MA,5,50,2
Necrosis,10.01007,HCT116,3-MA,5,50,3
Necrosis,7.53897,HCT116,3-MA,5,75,1
Necrosis,9.94632,HCT116,3-MA,5,75,2
Necrosis,9.54269,HCT116,3-MA,5,75,3
Necrosis,7.2886,HCT116,CQ,0,0,1
Necrosis,5.55127,HCT116,CQ,0,0,2
Necrosis,6.61951,HCT116,CQ,0,0,3
Necrosis,8.72273,HCT116,CQ,0,50,1
Necrosis,9.20356,HCT116,CQ,0,50,2
Necrosis,9.87711,HCT116,CQ,0,50,3
Necrosis,9.20953,HCT116,CQ,0,75,1
Necrosis,10.19323,HCT116,CQ,0,75,2
Necrosis,9.06309,HCT116,CQ,0,75,3
Necrosis,6.0331,HCT116,CQ,2.5,0,1
Necrosis,8.07061,HCT116,CQ,2.5,0,2
Necrosis,7.13753,HCT116,CQ,2.5,0,3
Necrosis,9.68307,HCT116,CQ,2.5,50,1
Necrosis,10.10967,HCT116,CQ,2.5,50,2
Necrosis,10.76145,HCT116,CQ,2.5,50,3
Necrosis,8.53216,HCT116,CQ,2.5,75,1
Necrosis,10.40731,HCT116,CQ,2.5,75,2
Necrosis,10.68895,HCT116,CQ,2.5,75,3
Necrosis,8.95609,HCT116,CQ,5,0,1
Necrosis,11.76216,HCT116,CQ,5,0,2
Necrosis,10.75333,HCT116,CQ,5,0,3
Necrosis,10.39438,HCT116,CQ,5,50,1
Necrosis,8.44736,HCT116,CQ,5,50,2
Necrosis,10.80465,HCT116,CQ,5,50,3
Necrosis,10.5976,HCT116,CQ,5,75,1
Necrosis,9.68604,HCT116,CQ,5,75,2
Necrosis,12.95421,HCT116,CQ,5,75,3
Necrosis,5.01639,HT29,None,0,0,1
Necrosis,7.29053,HT29,None,0,0,2
Necrosis,5.26825,HT29,None,0,0,3
Necrosis,8.57171,HT29,None,0,50,1
Necrosis,7.5043,HT29,None,0,50,2
Necrosis,8.74442,HT29,None,0,50,3
Necrosis,7.25776,HT29,None,0,75,1
Necrosis,9.48921,HT29,None,0,75,2
Necrosis,7.63315,HT29,None,0,75,3
Necrosis,5.36658,HT29,None,2.5,0,1
Necrosis,7.12305,HT29,None,2.5,0,2
Necrosis,5.20943,HT29,None,2.5,0,3
Necrosis,8.92892,HT29,None,2.5,50,1
Necrosis,10.76605,HT29,None,2.5,50,2
Necrosis,6.6414,HT29,None,2.5,50,3
Necrosis,7.59508,HT29,None,2.5,75,1
Necrosis,7.7231,HT29,None,2.5,75,2
Necrosis,7.83261,HT29,None,2.5,75,3
Necrosis,8.08784,HT29,None,5,0,1
Necrosis,11.29537,HT29,None,5,0,2
Necrosis,5.67857,HT29,None,5,0,3
Necrosis,8.18932,HT29,None,5,50,1
Necrosis,6.50326,HT29,None,5,50,2
Necrosis,9.9182,HT29,None,5,50,3
Necrosis,9.1697,HT29,None,5,75,1
Necrosis,8.69097,HT29,None,5,75,2
Necrosis,7.85268,HT29,None,5,75,3
Necrosis,5.88969,HT29,3-MA,0,0,1
Necrosis,7.57739,HT29,3-MA,0,0,2
Necrosis,6.54123,HT29,3-MA,0,0,3
Necrosis,8.69992,HT29,3-MA,0,50,1
Necrosis,9.97813,HT29,3-MA,0,50,2
Necrosis,9.82923,HT29,3-MA,0,50,3
Necrosis,8.23005,HT29,3-MA,0,75,1
Necrosis,12.65898,HT29,3-MA,0,75,2
Necrosis,9.03363,HT29,3-MA,0,75,3
Necrosis,7.83478,HT29,3-MA,2.5,0,1
Necrosis,9.47566,HT29,3-MA,2.5,0,2
Necrosis,9.89189,HT29,3-MA,2.5,0,3
Necrosis,11.77162,HT29,3-MA,2.5,50,1
Necrosis,8.54846,HT29,3-MA,2.5,50,2
Necrosis,10.10783,HT29,3-MA,2.5,50,3
Necrosis,11.47146,HT29,3-MA,2.5,75,1
Necrosis,11.24997,HT29,3-MA,2.5,75,2
Necrosis,11.74102,HT29,3-MA,2.5,75,3
Necrosis,9.1515,HT29,3-MA,5,0,1
Necrosis,8.98491,HT29,3-MA,5,0,2
Necrosis,5.87075,HT29,3-MA,5,0,3
Necrosis,8.80259,HT29,3-MA,5,50,1
Necrosis,11.25981,HT29,3-MA,5,50,2
Necrosis,10.75232,HT29,3-MA,5,50,3
Necrosis,11.6182,HT29,3-MA,5,75,1
Necrosis,11.68731,HT29,3-MA,5,75,2
Necrosis,11.73977,HT29,3-MA,5,75,3
Necrosis,7.15598,HT29,CQ,0,0,1
Necrosis,7.86763,HT29,CQ,0,0,2
Necrosis,6.1336,HT29,CQ,0,0,3
Necrosis,7.54819,HT29,CQ,0,50,1
Necrosis,11.30552,HT29,CQ,0,50,2
Necrosis,9.83638,HT29,CQ,0,50,3
Necrosis,10.54052,HT29,CQ,0,75,1
Necrosis,11.80663,HT29,CQ,0,75,2
Necrosis,10.73471,HT29,CQ,0,75,3
Necrosis,10.70052,HT29,CQ,2.5,0,1
Necrosis,8.48971,HT29,CQ,2.5,0,2
Necrosis,6.94656,HT29,CQ,2.5,0,3
Necrosis,10.39027,HT29,CQ,2.5,50,1
Necrosis,8.90276,HT29,CQ,2.5,50,2
Necrosis,10.10981,HT29,CQ,2.5,50,3
Necrosis,11.69991,HT29,CQ,2.5,75,1
Necrosis,11.25729,HT29,CQ,2.5,75,2
Necrosis,9.88649,HT29,CQ,2.5,75,3
Necrosis,10.22042,HT29,CQ,5,0,1
Necrosis,11.28652,HT29,CQ,5,0,2
Necrosis,9.13187,HT29,CQ,5,0,3
Necrosis,13.11795,HT29,CQ,5,50,1
Necrosis,14.36295,HT29,CQ,5,50,2
Necrosis,11.91967,HT29,CQ,5,50,3
Necrosis,13.07201,HT29,CQ,5,75,1
Necrosis,11.78153,HT29,CQ,5,75,2
Necrosis,12.56885,HT29,CQ,5,75,3
ATP,1.07591,HCT116,None,0,0,1
ATP,1.09244,HCT116,None,0,0,2
ATP,0.91526,HCT116,None,0,0,3
ATP,0.90918,HCT116,None,0,50,1
ATP,0.82192,HCT116,None,0,50,2
ATP,0.87848,HCT116,None,0,50,3
ATP,0.94785,HCT116,None,0,75,1
ATP,0.66587,HCT116,None,0,75,2
ATP,0.78714,HCT116,None,0,75,3
ATP,0.93319,HCT116,None,2.5,0,1
ATP,1.00137,HCT116,None,2.5,0,2
ATP,0.84334,HCT116,None,2.5,0,3
ATP,0.62188,HCT116,None,2.5,50,1
ATP,0.81196,HCT116,None,2.5,50,2
ATP,0.66567,HCT116,None,2.5,50,3
ATP,0.71215,HCT116,None,2.5,75,1
ATP,0.59411,HCT116,None,2.5,75,2
ATP,0.63737,HCT116,None,2.5,75,3
ATP,1.02486,HCT116,None,5,0,1
ATP,0.92014,HCT116,None,5,0,2
ATP,0.66758,HCT116,None,5,0,3
ATP,0.61845,HCT116,None,5,50,1
ATP,0.70796,HCT116,None,5,50,2
ATP,0.7189,HCT116,None,5,50,3
ATP,0.53216,HCT116,None,5,75,1
ATP,0.38374,HCT116,None,5,75,2
ATP,0.46067,HCT116,None,5,75,3
ATP,0.76377,HCT116,3-MA,0,0,1
ATP,0.94341,HCT116,3-MA,0,0,2
ATP,0.96394,HCT116,3-MA,0,0,3
ATP,0.82071,HCT116,3-MA,0,50,1
ATP,0.91013,HCT116,3-MA,0,50,2
ATP,0.87395,HCT116,3-MA,0,50,3
ATP,0.77029,HCT116,3-MA,0,75,1
ATP,0.69762,HCT116,3-MA,0,75,2
ATP,0.94887,HCT116,3-MA,0,75,3
ATP,0.79402,HCT116,3-MA,2.5,0,1
ATP,0.73184,HCT116,3-MA,2.5,0,2
ATP,0.84748,HCT116,3-MA,2.5,0,3
ATP,0.72894,HCT116,3-MA,2.5,50,1
ATP,0.49758,HCT116,3-MA,2.5,50,2
ATP,0.48191,HCT116,3-MA,2.5,50,3
ATP,0.5854,HCT116,3-MA,2.5,75,1
ATP,0.7079,HCT116,3-MA,2.5,75,2
ATP,0.66648,HCT116,3-MA,2.5,75,3
ATP,0.83154,HCT116,3-MA,5,0,1
ATP,0.67926,HCT116,3-MA,5,0,2
ATP,0.68155,HCT116,3-MA,5,0,3
ATP,0.55594,HCT116,3-MA,5,50,1
ATP,0.58633,HCT116,3-MA,5,50,2
ATP,0.56155,HCT116,3-MA,5,50,3
ATP,0.66579,HCT116,3-MA,5,75,1
ATP,0.63151,HCT116,3-MA,5,75,2
ATP,0.57372,HCT116,3-MA,5,75,3
ATP,0.92964,HCT116,CQ,0,0,1
ATP,0.73016,HCT116,CQ,0,0,2
ATP,0.99926,HCT116,CQ,0,0,3
ATP,0.84595,HCT116,CQ,0,50,1
ATP,0.64879,HCT116,CQ,0,50,2
ATP,0.6768,HCT116,CQ,0,50,3
ATP,0.71749,HCT116,CQ,0,75,1
ATP,0.64711,HCT116,CQ,0,75,2
ATP,0.67221,HCT116,CQ,0,75,3
ATP,0.75463,HCT116,CQ,2.5,0,1
ATP,0.78534,HCT116,CQ,2.5,0,2
ATP,0.9935,HCT116,CQ,2.5,0,3
ATP,0.64622,HCT116,CQ,2.5,50,1
ATP,0.52715,HCT116,CQ,2.5,50,2
ATP,0.78938,HCT116,CQ,2.5,50,3
ATP,0.67173,HCT116,CQ,2.5,75,1
ATP,0.44138,HCT116,CQ,2.5,75,2
ATP,0.51132,HCT116,CQ,2.5,75,3
ATP,0.86817,HCT116,CQ,5,0,1
ATP,0.83042,HCT116,CQ,5,0,2
ATP,0.75379,HCT116,CQ,5,0,3
ATP,0.65649,HCT116,CQ,5,50,1
ATP,0.65445,HCT116,CQ,5,50,2
ATP,0.51589,HCT116,CQ,5,50,3
ATP,0.56075,HCT116,CQ,5,75,1
ATP,0.50272,HCT116,CQ,5,75,2
ATP,0.45693,HCT116,CQ,5,75,3
ATP,0.98502,HT29,None,0,0,1
ATP,0.84896,HT29,None,0,0,2
ATP,0.97016,HT29,None,0,0,3
ATP,0.74489,HT29,None,0,50,1
ATP,0.91093,HT29,None,0,50,2
ATP,0.70406,HT29,None,0,50,3
ATP,0.87025,HT29,None,0,75,1
ATP,0.87877,HT29,None,0,75,2
ATP,0.75998,HT29,None,0,75,3
ATP,0.81774,HT29,None,2.5,0,1
ATP,0.88548,HT29,None,2.5,0,2
ATP,0.86711,HT29,None,2.5,0,3
ATP,0.87361,HT29,None,2.5,50,1
ATP,0.75509,HT29,None,2.5,50,2
ATP,0.74956,HT29,None,2.5,50,3
ATP,0.71205,HT29,None,2.5,75,1
ATP,0.71285,HT29,None,2.5,75,2
ATP,0.57944,HT29,None,2.5,75,3
ATP,0.85215,HT29,None,5,0,1
ATP,0.89922,HT29,None,5,0,2
ATP,0.89874,HT29,None,5,0,3
ATP,0.77191,HT29,None,5,50,1
ATP,0.51055,HT29,None,5,50,2
ATP,0.81641,HT29,None,5,50,3
ATP,0.47074,HT29,None,5,75,1
ATP,0.4474,HT29,None,5,75,2
ATP,0.67812,HT29,None,5,75,3
ATP,0.99421,HT29,3-MA,0,0,1
ATP,0.66188,HT29,3-MA,0,0,2
ATP,0.92311,HT29,3-MA,0,0,3
ATP,0.71919,HT29,3-MA,0,50,1
ATP,0.82847,HT29,3-MA,0,50,2
ATP,0.81395,HT29,3-MA,0,50,3
ATP,0.59501,HT29,3-MA,0,75,1
ATP,0.69899,HT29,3-MA,0,75,2
ATP,0.60754,HT29,3-MA,0,75,3
ATP,0.69673,HT29,3-MA,2.5,0,1
ATP,0.83811,HT29,3-MA,2.5,0,2
ATP,0.88705,HT29,3-MA,2.5,0,3
ATP,0.8089,HT29,3-MA,2.5,50,1
ATP,0.67148,HT29,3-MA,2.5,50,2
ATP,0.61058,HT29,3-MA,2.5,50,3
ATP,0.6907,HT29,3-MA,2.5,75,1
ATP,0.54548,HT29,3-MA,2.5,75,2
ATP,0.55498,HT29,3-MA,2.5,75,3
ATP,0.79532,HT29,3-MA,5,0,1
ATP,0.81952,HT29,3-MA,5,0,2
ATP,0.6352,HT29,3-MA,5,0,3
ATP,0.56599,HT29,3-MA,5,50,1
ATP,0.381,HT29,3-MA,5,50,2
ATP,0.55226,HT29,3-MA,5,50,3
ATP,0.54949,HT29,3-MA,5,75,1
ATP,0.54152,HT29,3-MA,5,75,2
ATP,0.49253,HT29,3-MA,5,75,3
ATP,0.81599,HT29,CQ,0,0,1
ATP,0.61662,HT29,CQ,0,0,2
ATP,0.80738,HT29,CQ,0,0,3
ATP,0.83528,HT29,CQ,0,50,1
ATP,0.62195,HT29,CQ,0,50,2
ATP,0.58183,HT29,CQ,0,50,3
ATP,0.70258,HT29,CQ,0,75,1
ATP,0.71189,HT29,CQ,0,75,2
ATP,0.69601,HT29,CQ,0,75,3
ATP,0.7452,HT29,CQ,2.5,0,1
ATP,0.76902,HT29,CQ,2.5,0,2
ATP,0.69921,HT29,CQ,2.5,0,3
ATP,0.51493,HT29,CQ,2.5,50,1
ATP,0.58682,HT29,CQ,2.5,50,2
ATP,0.52054,HT29,CQ,2.5,50,3
ATP,0.38482,HT29,CQ,2.5,75,1
ATP,0.6591,HT29,CQ,2.5,75,2
ATP,0.49168,HT29,CQ,2.5,75,3
ATP,0.55602,HT29,CQ,5,0,1
ATP,0.67029,HT29,CQ,5,0,2
ATP,0.72427,HT29,CQ,5,0,3
ATP,0.38635,HT29,CQ,5,50,1
ATP,0.5034,HT29,CQ,5,50,2
ATP,0.43918,HT29,CQ,5,50,3
ATP,0.25101,HT29,CQ,5,75,1
ATP,0.48084,HT29,CQ,5,75,2
ATP,0.39479,HT29,CQ,5,75,3
Caspase,0.89973,HCT116,None,0,0,1
Caspase,0.87255,HCT116,None,0,0,2
Caspase,0.99416,HCT116,None,0,0,3
Caspase,0.89946,HCT116,None,0,0,4
Caspase,1.12773,HCT116,None,0,0,5
Caspase,0.8292,HCT116,None,0,0,6
Caspase,1.04484,HCT116,None,0,50,1
Caspase,0.87561,HCT116,None,0,50,2
Caspase,0.98493,HCT116,None,0,50,3
Caspase,1.42573,HCT116,None,0,50,4
Caspase,1.14815,HCT116,None,0,50,5
Caspase,1.52733,HCT116,None,0,50,6
Caspase,1.21865,HCT116,None,0,75,1
Caspase,1.21072,HCT116,None,0,75,2
Caspase,1.4696,HCT116,None,0,75,3
Caspase,1.38926,HCT116,None,0,75,4
Caspase,1.52446,HCT116,None,0,75,5
Caspase,1.18943,HCT116,None,0,75,6
Caspase,0.84344,HCT116,None,2.5,0,1
Caspase,1.00503,HCT116,None,2.5,0,2
Caspase,1.19434,HCT116,None,2.5,0,3
Caspase,0.99717,HCT116,None,2.5,0,4
Caspase,1.31089,HCT116,None,2.5,0,5
Caspase,0.87211,HCT116,None,2.5,0,6
Caspase,1.18869,HCT116,None,2.5,50,1
Caspase,1.09586,HCT116,None,2.5,50,2
Caspase,1.35907,HCT116,None,2.5,50,3
Caspase,1.3314,HCT116,None,2.5,50,4
Caspase,1.10582,HCT116,None,2.5,50,5
Caspase,1.39449,HCT116,None,2.5,50,6
Caspase,0.92254,HCT116,None,2.5,75,1
Caspase,1.4151,HCT116,None,2.5,75,2
Caspase,2.00872,HCT116,None,2.5,75,3
Caspase,1.42992,HCT116,None,2.5,75,4
Caspase,1.26797,HCT116,None,2.5,75,5
Caspase,1.42887,HCT116,None,2.5,75,6
Caspase,1.49378,HCT116,None,5,0,1
Caspase,1.30049,HCT116,None,5,0,2
Caspase,1.39868,HCT116,None,5,0,3
Caspase,1.47828,HCT116,None,5,0,4
Caspase,1.19803,HCT116,None,5,0,5
Caspase,0.94075,HCT116,None,5,0,6
Caspase,1.29686,HCT116,None,5,50,1
Caspase,1.52075,HCT116,None,5,50,2
Caspase,1.65779,HCT116,None,5,50,3
Caspase,1.58773,HCT116,None,5,50,4
Caspase,1.74059,HCT116,None,5,50,5
Caspase,1.5369,HCT116,None,5,50,6
Caspase,1.78996,HCT116,None,5,75,1
Caspase,1.44094,HCT116,None,5,75,2
Caspase,2.01717,HCT116,None,5,75,3
Caspase,1.42211,HCT116,None,5,75,4
Caspase,1.36684,HCT116,None,5,75,5
Caspase,1.66796,HCT116,None,5,75,6
Caspase,1.25375,HCT116,3-MA,0,0,1
Caspase,0.90163,HCT116,3-MA,0,0,2
Caspase,1.15379,HCT116,3-MA,0,0,3
Caspase,1.02094,HCT116,3-MA,0,0,4
Caspase,1.24685,HCT116,3-MA,0,0,5
Caspase,1.12202,HCT116,3-MA,0,0,6
Caspase,1.05431,HCT116,3-MA,0,50,1
Caspase,1.62002,HCT116,3-MA,0,50,2
Caspase,1.39838,HCT116,3-MA,0,50,3
Caspase,1.09639,HCT116,3-MA,0,50,4
Caspase,1.14411,HCT116,3-MA,0,50,5
Caspase,1.34044,HCT116,3-MA,0,50,6
Caspase,1.80107,HCT116,3-MA,0,75,1
Caspase,1.83678,HCT116,3-MA,0,75,2
Caspase,1.47955,HCT116,3-MA,0,75,3
Caspase,1.39871,HCT116,3-MA,0,75,4
Caspase,1.17427,HCT116,3-MA,0,75,5
Caspase,1.98111,HCT116,3-MA,0,75,6
Caspase,1.301,HCT116,3-MA,2.5,0,1
Caspase,1.69537,HCT116,3-MA,2.5,0,2
Caspase,1.46939,HCT116,3-MA,2.5,0,3
Caspase,1.41418,HCT116,3-MA,2.5,0,4
Caspase,1.11351,HCT116,3-MA,2.5,0,5
Caspase,1.98605,HCT116,3-MA,2.5,0,6
Caspase,2.12852,HCT116,3-MA,2.5,50,1
Caspase,1.59442,HCT116,3-MA,2.5,50,2
Caspase,1.52997,HCT116,3-MA,2.5,50,3
Caspase,1.36911,HCT116,3-MA,2.5,50,4
Caspase,1.91657,HCT116,3-MA,2.5,50,5
Caspase,1.2919,HCT116,3-MA,2.5,50,6
Caspase,1.87542,HCT116,3-MA,2.5,75,1
Caspase,1.5293,HCT116,3-MA,2.5,75,2
Caspase,1.69228,HCT116,3-MA,2.5,75,3
Caspase,1.27546,HCT116,3-MA,2.5,75,4
Caspase,2.08547,HCT116,3-MA,2.5,75,5
Caspase,1.55206,HCT116,3-MA,2.5,75,6
Caspase,1.7973,HCT116,3-MA,5,0,1
Caspase,1.49795,HCT116,3-MA,5,0,2
Caspase,1.57456,HCT116,3-MA,5,0,3
Caspase,1.93157,HCT116,3-MA,5,0,4
Caspase,1.76439,HCT116,3-MA,5,0,5
Caspase,1.23763,HCT116,3-MA,5,0,6
Caspase,1.39398,HCT116,3-MA,5,50,1
Caspase,1.49311,HCT116,3-MA,5,50,2
Caspase,2.38235,HCT116,3-MA,5,50,3
Caspase,2.35724,HCT116,3-MA,5,50,4
Caspase,1.78555,HCT116,3-MA,5,50,5
Caspase,2.23859,HCT116,3-MA,5,50,6
Caspase,1.84473,HCT116,3-MA,5,75,1
Caspase,2.05818,HCT116,3-MA,5,75,2
Caspase,1.14009,HCT116,3-MA,5,75,3
Caspase,1.64232,HCT116,3-MA,5,75,4
Caspase,1.94038,HCT116,3-MA,5,75,5
Caspase,1.47564,HCT116,3-MA,5,75,6
Caspase,1.23893,HCT116,CQ,0,0,1
Caspase,1.16244,HCT116,CQ,0,0,2
Caspase,1.34201,HCT116,CQ,0,0,3
Caspase,1.09286,HCT116,CQ,0,0,4
Caspase,1.36376,HCT116,CQ,0,0,5
Caspase,0.88765,HCT116,CQ,0,0,6
Caspase,1.23453,HCT116,CQ,0,50,1
Caspase,0.95432,HCT116,CQ,0,50,2
Caspase,1.13082,HCT116,CQ,0,50,3
Caspase,1.82187,HCT116,CQ,0,50,4
Caspase,1.43558,HCT116,CQ,0,50,5
Caspase,1.50394,HCT116,CQ,0,50,6
Caspase,1.47506,HCT116,CQ,0,75,1
Caspase,1.56329,HCT116,CQ,0,75,2
Caspase,1.59425,HCT116,CQ,0,75,3
Caspase,1.30677,HCT116,CQ,0,75,4
Caspase,1.58066,HCT116,CQ,0,75,5
Caspase,1.19028,HCT116,CQ,0,75,6
Caspase,1.72358,HCT116,CQ,2.5,0,1
Caspase,1.54243,HCT116,CQ,2.5,0,2
Caspase,1.68493,HCT116,CQ,2.5,0,3
Caspase,2.13575,HCT116,CQ,2.5,0,4
Caspase,1.81634,HCT116,CQ,2.5,0,5
Caspase,1.40899,HCT116,CQ,2.5,0,6
Caspase,1.28554,HCT116,CQ,2.5,50,1
Caspase,1.54255,HCT116,CQ,2.5,50,2
Caspase,1.25848,HCT116,CQ,2.5,50,3
Caspase,1.81521,HCT116,CQ,2.5,50,4
Caspase,1.87654,HCT116,CQ,2.5,50,5
Caspase,1.642,HCT116,CQ,2.5,50,6
Caspase,1.69903,HCT116,CQ,2.5,75,1
Caspase,1.34417,HCT116,CQ,2.5,75,2
Caspase,1.27327,HCT116,CQ,2.5,75,3
Caspase,1.64154,HCT116,CQ,2.5,75,4
Caspase,1.99286,HCT116,CQ,2.5,75,5
Caspase,1.8008,HCT116,CQ,2.5,75,6
Caspase,1.06977,HCT116,CQ,5,0,1
Caspase,2.61195,HCT116,CQ,5,0,2
Caspase,1.10835,HCT116,CQ,5,0,3
Caspase,1.2938,HCT116,CQ,5,0,4
Caspase,1.23293,HCT116,CQ,5,0,5
Caspase,1.23822,HCT116,CQ,5,0,6
Caspase,2.7023,HCT116,CQ,5,50,1
Caspase,2.02809,HCT116,CQ,5,50,2
Caspase,2.18183,HCT116,CQ,5,50,3
Caspase,1.74528,HCT116,CQ,5,50,4
Caspase,2.20562,HCT116,CQ,5,50,5
Caspase,2.97527,HCT116,CQ,5,50,6
Caspase,2.09416,HCT116,CQ,5,75,1
Caspase,2.52169,HCT116,CQ,5,75,2
Caspase,2.1475,HCT116,CQ,5,75,3
Caspase,1.54466,HCT116,CQ,5,75,4
Caspase,2.31608,HCT116,CQ,5,75,5
Caspase,1.79915,HCT116,CQ,5,75,6
Caspase,0.98952,HT29,None,0,0,1
Caspase,1.09235,HT29,None,0,0,2
Caspase,1.05526,HT29,None,0,0,3
Caspase,1.07695,HT29,None,0,0,4
Caspase,1.20885,HT29,None,0,0,5
Caspase,0.82964,HT29,None,0,0,6
Caspase,1.54688,HT29,None,0,50,1
Caspase,1.42873,HT29,None,0,50,2
Caspase,1.75957,HT29,None,0,50,3
Caspase,1.51635,HT29,None,0,50,4
Caspase,1.52306,HT29,None,0,50,5
Caspase,1.25752,HT29,None,0,50,6
Caspase,1.14864,HT29,None,0,75,1
Caspase,1.27935,HT29,None,0,75,2
Caspase,1.5632,HT29,None,0,75,3
Caspase,1.51937,HT29,None,0,75,4
Caspase,1.56777,HT29,None,0,75,5
Caspase,1.26502,HT29,None,0,75,6
Caspase,1.13457,HT29,None,2.5,0,1
Caspase,0.92133,HT29,None,2.5,0,2
Caspase,0.96569,HT29,None,2.5,0,3
Caspase,1.29745,HT29,None,2.5,0,4
Caspase,1.27483,HT29,None,2.5,0,5
Caspase,0.99163,HT29,None,2.5,0,6
Caspase,1.4835,HT29,None,2.5,50,1
Caspase,1.2235,HT29,None,2.5,50,2
Caspase,1.27393,HT29,None,2.5,50,3
Caspase,1.1326,HT29,None,2.5,50,4
Caspase,1.80791,HT29,None,2.5,50,5
Caspase,1.11912,HT29,None,2.5,50,6
Caspase,1.92763,HT29,None,2.5,75,1
Caspase,1.5211,HT29,None,2.5,75,2
Caspase,1.79238,HT29,None,2.5,75,3
Caspase,1.51456,HT29,None,2.5,75,4
Caspase,1.31205,HT29,None,2.5,75,5
Caspase,1.52215,HT29,None,2.5,75,6
Caspase,1.58612,HT29,None,5,0,1
Caspase,1.0353,HT29,None,5,0,2
Caspase,1.61631,HT29,None,5,0,3
Caspase,1.7081,HT29,None,5,0,4
Caspase,1.43318,HT29,None,5,0,5
Caspase,1.67047,HT29,None,5,0,6
Caspase,1.75539,HT29,None,5,50,1
Caspase,2.28135,HT29,None,5,50,2
Caspase,1.80208,HT29,None,5,50,3
Caspase,1.49947,HT29,None,5,50,4
Caspase,1.94307,HT29,None,5,50,5
Caspase,1.81484,HT29,None,5,50,6
Caspase,1.81246,HT29,None,5,75,1
Caspase,1.76725,HT29,None,5,75,2
Caspase,2.07088,HT29,None,5,75,3
Caspase,2.03082,HT29,None,5,75,4
Caspase,2.03112,HT29,None,5,75,5
Caspase,1.44738,HT29,None,5,75,6
Caspase,1.20149,HT29,3-MA,0,0,1
Caspase,0.87667,HT29,3-MA,0,0,2
Caspase,0.97086,HT29,3-MA,0,0,3
Caspase,1.33395,HT29,3-MA,0,0,4
Caspase,1.20922,HT29,3-MA,0,0,5
Caspase,1.47609,HT29,3-MA,0,0,6
Caspase,1.43684,HT29,3-MA,0,50,1
Caspase,1.05908,HT29,3-MA,0,50,2
Caspase,1.97443,HT29,3-MA,0,50,3
Caspase,1.56258,HT29,3-MA,0,50,4
Caspase,1.27873,HT29,3-MA,0,50,5
Caspase,1.94699,HT29,3-MA,0,50,6
Caspase,1.59942,HT29,3-MA,0,75,1
Caspase,2.05542,HT29,3-MA,0,75,2
Caspase,1.16367,HT29,3-MA,0,75,3
Caspase,1.2577,HT29,3-MA,0,75,4
Caspase,1.47915,HT29,3-MA,0,75,5
Caspase,1.3188,HT29,3-MA,0,75,6
Caspase,1.44749,HT29,3-MA,2.5,0,1
Caspase,1.10454,HT29,3-MA,2.5,0,2
Caspase,1.45352,HT29,3-MA,2.5,0,3
Caspase,1.44565,HT29,3-MA,2.5,0,4
Caspase,2.72232,HT29,3-MA,2.5,0,5
Caspase,1.06956,HT29,3-MA,2.5,0,6
Caspase,1.44031,HT29,3-MA,2.5,50,1
Caspase,1.47479,HT29,3-MA,2.5,50,2
Caspase,1.92793,HT29,3-MA,2.5,50,3
Caspase,1.80631,HT29,3-MA,2.5,50,4
Caspase,1.50532,HT29,3-MA,2.5,50,5
Caspase,1.34464,HT29,3-MA,2.5,50,6
Caspase,1.64471,HT29,3-MA,2.5,75,1
Caspase,1.99283,HT29,3-MA,2.5,75,2
Caspase,2.21988,HT29,3-MA,2.5,75,3
Caspase,1.63404,HT29,3-MA,2.5,75,4
Caspase,1.85844,HT29,3-MA,2.5,75,5
Caspase,2.08971,HT29,3-MA,2.5,75,6
Caspase,1.8782,HT29,3-MA,5,0,1
Caspase,1.88499,HT29,3-MA,5,0,2
Caspase,1.84029,HT29,3-MA,5,0,3
Caspase,1.18688,HT29,3-MA,5,0,4
Caspase,1.45048,HT29,3-MA,5,0,5
Caspase,2.57044,HT29,3-MA,5,0,6
Caspase,2.48373,HT29,3-MA,5,50,1
Caspase,2.7535,HT29,3-MA,5,50,2
Caspase,1.79557,HT29,3-MA,5,50,3
Caspase,1.93122,HT29,3-MA,5,50,4
Caspase,2.28045,HT29,3-MA,5,50,5
Caspase,1.65768,HT29,3-MA,5,50,6
Caspase,2.52726,HT29,3-MA,5,75,1
Caspase,1.82655,HT29,3-MA,5,75,2
Caspase,1.81228,HT29,3-MA,5,75,3
Caspase,2.28918,HT29,3-MA,5,75,4
Caspase,1.4999,HT29,3-MA,5,75,5
Caspase,2.61333,HT29,3-MA,5,75,6
Caspase,1.4912,HT29,CQ,0,0,1
Caspase,0.98713,HT29,CQ,0,0,2
Caspase,1.86147,HT29,CQ,0,0,3
Caspase,1.67924,HT29,CQ,0,0,4
Caspase,0.75344,HT29,CQ,0,0,5
Caspase,1.51032,HT29,CQ,0,0,6
Caspase,1.21891,HT29,CQ,0,50,1
Caspase,1.46587,HT29,CQ,0,50,2
Caspase,2.08002,HT29,CQ,0,50,3
Caspase,1.81159,HT29,CQ,0,50,4
Caspase,1.48696,HT29,CQ,0,50,5
Caspase,1.20665,HT29,CQ,0,50,6
Caspase,1.19127,HT29,CQ,0,75,1
Caspase,2.05629,HT29,CQ,0,75,2
Caspase,1.86283,HT29,CQ,0,75,3
Caspase,1.5087,HT29,CQ,0,75,4
Caspase,1.2893,HT29,CQ,0,75,5
Caspase,1.83566,HT29,CQ,0,75,6
Caspase,1.47331,HT29,CQ,2.5,0,1
Caspase,1.63512,HT29,CQ,2.5,0,2
Caspase,1.57272,HT29,CQ,2.5,0,3
Caspase,1.71639,HT29,CQ,2.5,0,4
Caspase,1.98944,HT29,CQ,2.5,0,5
Caspase,1.56469,HT29,CQ,2.5,0,6
Caspase,1.28065,HT29,CQ,2.5,50,1
Caspase,1.46594,HT29,CQ,2.5,50,2
Caspase,1.45922,HT29,CQ,2.5,50,3
Caspase,1.91017,HT29,CQ,2.5,50,4
Caspase,1.72666,HT29,CQ,2.5,50,5
Caspase,3.00552,HT29,CQ,2.5,50,6
Caspase,1.59311,HT29,CQ,2.5,75,1
Caspase,1.71632,HT29,CQ,2.5,75,2
Caspase,1.71571,HT29,CQ,2.5,75,3
Caspase,2.04868,HT29,CQ,2.5,75,4
Caspase,2.01481,HT29,CQ,2.5,75,5
Caspase,2.32425,HT29,CQ,2.5,75,6
Caspase,1.5751,HT29,CQ,5,0,1
Caspase,2.36771,HT29,CQ,5,0,2
Caspase,1.44934,HT29,CQ,5,0,3
Caspase,1.89728,HT29,CQ,5,0,4
Caspase,1.58998,HT29,CQ,5,0,5
Caspase,2.5686,HT29,CQ,5,0,6
Caspase,2.20916,HT29,CQ,5,50,1
Caspase,1.66727,HT29,CQ,5,50,2
Caspase,2.30868,HT29,CQ,5,50,3
Caspase,1.97695,HT29,CQ,5,50,4
Caspase,2.432,HT29,CQ,5,50,5
Caspase,2.39605,HT29,CQ,5,50,6
Caspase,2.03281,HT29,CQ,5,75,1
Caspase,3.21343,HT29,CQ,5,75,2
Caspase,2.92954,HT29,CQ,5,75,3
Caspase,2.99383,HT29,CQ,5,75,4
Caspase,2.58675,HT29,CQ,5,75,5
Caspase,3.4824,HT29,CQ,5,75,6
Lactate,1.20562,HCT116,None,0,0,1
Lactate,1.23272,HCT116,None,0,0,2
Lactate,1.22176,HCT116,None,0,0,3
Lactate,1.26812,HCT116,None,0,0,4
Lactate,1.32607,HCT116,None,0,50,1
Lactate,1.54632,HCT116,None,0,50,2
Lactate,1.51177,HCT116,None,0,50,3
Lactate,1.25679,HCT116,None,0,50,4
Lactate,1.21295,HCT116,None,0,75,1
Lactate,1.37269,HCT116,None,0,75,2
Lactate,1.48971,HCT116,None,0,75,3
Lactate,1.20236,HCT116,None,0,75,4
Lactate,1.30288,HCT116,None,2.5,0,1
Lactate,1.28511,HCT116,None,2.5,0,2
Lactate,1.31641,HCT116,None,2.5,0,3
Lactate,1.13475,HCT116,None,2.5,0,4
Lactate,1.05447,HCT116,None,2.5,50,1
Lactate,1.35832,HCT116,None,2.5,50,2
Lactate,1.31382,HCT116,None,2.5,50,3
Lactate,1.65861,HCT116,None,2.5,50,4
Lactate,1.13097,HCT116,None,2.5,75,1
Lactate,1.26812,HCT116,None,2.5,75,2
Lactate,1.4881,HCT116,None,2.5,75,3
Lactate,1.43618,HCT116,None,2.5,75,4
Lactate,1.67154,HCT116,None,5,0,1
Lactate,1.32391,HCT116,None,5,0,2
Lactate,1.38201,HCT116,None,5,0,3
Lactate,1.48738,HCT116,None,5,0,4
Lactate,1.55364,HCT116,None,5,50,1
Lactate,1.39521,HCT116,None,5,50,2
Lactate,1.29665,HCT116,None,5,50,3
Lactate,1.48268,HCT116,None,5,50,4
Lactate,1.39572,HCT116,None,5,75,1
Lactate,1.71478,HCT116,None,5,75,2
Lactate,1.47087,HCT116,None,5,75,3
Lactate,1.42856,HCT116,None,5,75,4
Lactate,1.36142,HCT116,3-MA,0,0,1
Lactate,1.32232,HCT116,3-MA,0,0,2
Lactate,1.04861,HCT116,3-MA,0,0,3
Lactate,1.19759,HCT116,3-MA,0,0,4
Lactate,1.45672,HCT116,3-MA,0,50,1
Lactate,1.32631,HCT116,3-MA,0,50,2
Lactate,1.29038,HCT116,3-MA,0,50,3
Lactate,1.57956,HCT116,3-MA,0,50,4
Lactate,1.56339,HCT116,3-MA,0,75,1
Lactate,1.20327,HCT116,3-MA,0,75,2
Lactate,1.34928,HCT116,3-MA,0,75,3
Lactate,1.54864,HCT116,3-MA,0,75,4
Lactate,1.15804,HCT116,3-MA,2.5,0,1
Lactate,1.45272,HCT116,3-MA,2.5,0,2
Lactate,1.27146,HCT116,3-MA,2.5,0,3
Lactate,1.45078,HCT116,3-MA,2.5,0,4
Lactate,1.54405,HCT116,3-MA,2.5,50,1
Lactate,1.32226,HCT116,3-MA,2.5,50,2
Lactate,1.37777,HCT116,3-MA,2.5,50,3
Lactate,1.26685,HCT116,3-MA,2.5,50,4
Lactate,1.37229,HCT116,3-MA,2.5,75,1
Lactate,1.40199,HCT116,3-MA,2.5,75,2
Lactate,1.72142,HCT116,3-MA,2.5,75,3
Lactate,1.39732,HCT116,3-MA,2.5,75,4
Lactate,1.57973,HCT116,3-MA,5,0,1
Lactate,1.55338,HCT116,3-MA,5,0,2
Lactate,1.52469,HCT116,3-MA,5,0,3
Lactate,1.36203,HCT116,3-MA,5,0,4
Lactate,1.48079,HCT116,3-MA,5,50,1
Lactate,1.4763,HCT116,3-MA,5,50,2
Lactate,1.68546,HCT116,3-MA,5,50,3
Lactate,1.4307,HCT116,3-MA,5,50,4
Lactate,1.51349,HCT116,3-MA,5,75,1
Lactate,1.52388,HCT116,3-MA,5,75,2
Lactate,1.62046,HCT116,3-MA,5,75,3
Lactate,1.66084,HCT116,3-MA,5,75,4
Lactate,1.27048,HCT116,CQ,0,0,1
Lactate,1.16651,HCT116,CQ,0,0,2
Lactate,1.36071,HCT116,CQ,0,0,3
Lactate,1.27164,HCT116,CQ,0,0,4
Lactate,1.49874,HCT116,CQ,0,50,1
Lactate,1.41572,HCT116,CQ,0,50,2
Lactate,1.3719,HCT116,CQ,0,50,3
Lactate,1.0664,HCT116,CQ,0,50,4
Lactate,1.54325,HCT116,CQ,0,75,1
Lactate,1.47944,HCT116,CQ,0,75,2
Lactate,1.66079,HCT116,CQ,0,75,3
Lactate,1.62018,HCT116,CQ,0,75,4
Lactate,1.31413,HCT116,CQ,2.5,0,1
Lactate,1.41827,HCT116,CQ,2.5,0,2
Lactate,1.16114,HCT116,CQ,2.5,0,3
Lactate,1.41711,HCT116,CQ,2.5,0,4
Lactate,1.38675,HCT116,CQ,2.5,50,1
Lactate,1.46338,HCT116,CQ,2.5,50,2
Lactate,1.33153,HCT116,CQ,2.5,50,3
Lactate,1.61461,HCT116,CQ,2.5,50,4
Lactate,1.52994,HCT116,CQ,2.5,75,1
Lactate,1.53474,HCT116,CQ,2.5,75,2
Lactate,1.65467,HCT116,CQ,2.5,75,3
Lactate,1.66432,HCT116,CQ,2.5,75,4
Lactate,1.52393,HCT116,CQ,5,0,1
Lactate,1.60199,HCT116,CQ,5,0,2
Lactate,1.66563,HCT116,CQ,5,0,3
Lactate,1.49023,HCT116,CQ,5,0,4
Lactate,1.38622,HCT116,CQ,5,50,1
Lactate,1.63382,HCT116,CQ,5,50,2
Lactate,1.6317,HCT116,CQ,5,50,3
Lactate,1.75969,HCT116,CQ,5,50,4
Lactate,1.59479,HCT116,CQ,5,75,1
Lactate,1.51995,HCT116,CQ,5,75,2
Lactate,1.73451,HCT116,CQ,5,75,3
Lactate,1.62638,HCT116,CQ,5,75,4
Lactate,1.18442,HT29,None,0,0,1
Lactate,1.2262,HT29,None,0,0,2
Lactate,1.26591,HT29,None,0,0,3
Lactate,1.37114,HT29,None,0,0,4
Lactate,1.39391,HT29,None,0,50,1
Lactate,1.48652,HT29,None,0,50,2
Lactate,1.23388,HT29,None,0,50,3
Lactate,1.4657,HT29,None,0,50,4
Lactate,1.40275,HT29,None,0,75,1
Lactate,1.48381,HT29,None,0,75,2
Lactate,1.25918,HT29,None,0,75,3
Lactate,1.37799,HT29,None,0,75,4
Lactate,1.32314,HT29,None,2.5,0,1
Lactate,1.41782,HT29,None,2.5,0,2
Lactate,1.19554,HT29,None,2.5,0,3
Lactate,1.36591,HT29,None,2.5,0,4
Lactate,1.49552,HT29,None,2.5,50,1
Lactate,1.71588,HT29,None,2.5,50,2
Lactate,1.26864,HT29,None,2.5,50,3
Lactate,1.32153,HT29,None,2.5,50,4
Lactate,1.46524,HT29,None,2.5,75,1
Lactate,1.64052,HT29,None,2.5,75,2
Lactate,1.61304,HT29,None,2.5,75,3
Lactate,1.60444,HT29,None,2.5,75,4
Lactate,1.4764,HT29,None,5,0,1
Lactate,1.5112,HT29,None,5,0,2
Lactate,1.41789,HT29,None,5,0,3
Lactate,1.66727,HT29,None,5,0,4
Lactate,1.37601,HT29,None,5,50,1
Lactate,1.74957,HT29,None,5,50,2
Lactate,1.59999,HT29,None,5,50,3
Lactate,1.55207,HT29,None,5,50,4
Lactate,1.80342,HT29,None,5,75,1
Lactate,1.45942,HT29,None,5,75,2
Lactate,1.53024,HT29,None,5,75,3
Lactate,1.6195,HT29,None,5,75,4
Lactate,1.3382,HT29,3-MA,0,0,1
Lactate,1.22079,HT29,3-MA,0,0,2
Lactate,1.19597,HT29,3-MA,0,0,3
Lactate,1.24064,HT29,3-MA,0,0,4
Lactate,1.64925,HT29,3-MA,0,50,1
Lactate,1.35015,HT29,3-MA,0,50,2
Lactate,1.49009,HT29,3-MA,0,50,3
Lactate,1.40802,HT29,3-MA,0,50,4
Lactate,1.41227,HT29,3-MA,0,75,1
Lactate,1.54338,HT29,3-MA,0,75,2
Lactate,1.57257,HT29,3-MA,0,75,3
Lactate,1.68899,HT29,3-MA,0,75,4
Lactate,1.4677,HT29,3-MA,2.5,0,1
Lactate,1.6784,HT29,3-MA,2.5,0,2
Lactate,1.43095,HT29,3-MA,2.5,0,3
Lactate,1.44461,HT29,3-MA,2.5,0,4
Lactate,1.60941,HT29,3-MA,2.5,50,1
Lactate,1.65702,HT29,3-MA,2.5,50,2
Lactate,1.58319,HT29,3-MA,2.5,50,3
Lactate,1.69061,HT29,3-MA,2.5,50,4
Lactate,1.60564,HT29,3-MA,2.5,75,1
Lactate,1.4937,HT29,3-MA,2.5,75,2
Lactate,1.53254,HT29,3-MA,2.5,75,3
Lactate,1.59207,HT29,3-MA,2.5,75,4
Lactate,1.60435,HT29,3-MA,5,0,1
Lactate,1.3776,HT29,3-MA,5,0,2
Lactate,1.73129,HT29,3-MA,5,0,3
Lactate,1.65486,HT29,3-MA,5,0,4
Lactate,1.46747,HT29,3-MA,5,50,1
Lactate,1.52429,HT29,3-MA,5,50,2
Lactate,1.47338,HT29,3-MA,5,50,3
Lactate,1.43869,HT29,3-MA,5,50,4
Lactate,1.71044,HT29,3-MA,5,75,1
Lactate,1.71927,HT29,3-MA,5,75,2
Lactate,1.63514,HT29,3-MA,5,75,3
Lactate,1.62826,HT29,3-MA,5,75,4
Lactate,1.35567,HT29,CQ,0,0,1
Lactate,1.32278,HT29,CQ,0,0,2
Lactate,1.29777,HT29,CQ,0,0,3
Lactate,1.17997,HT29,CQ,0,0,4
Lactate,1.32377,HT29,CQ,0,50,1
Lactate,1.49046,HT29,CQ,0,50,2
Lactate,1.51417,HT29,CQ,0,50,3
Lactate,1.48905,HT29,CQ,0,50,4
Lactate,1.52882,HT29,CQ,0,75,1
Lactate,1.41886,HT29,CQ,0,75,2
Lactate,1.62569,HT29,CQ,0,75,3
Lactate,1.4446,HT29,CQ,0,75,4
Lactate,1.44188,HT29,CQ,2.5,0,1
Lactate,1.48561,HT29,CQ,2.5,0,2
Lactate,1.33607,HT29,CQ,2.5,0,3
Lactate,1.32522,HT29,CQ,2.5,0,4
Lactate,1.77839,HT29,CQ,2.5,50,1
Lactate,1.61923,HT29,CQ,2.5,50,2
Lactate,1.64456,HT29,CQ,2.5,50,3
Lactate,1.33326,HT29,CQ,2.5,50,4
Lactate,1.564,HT29,CQ,2.5,75,1
Lactate,1.58402,HT29,CQ,2.5,75,2
Lactate,1.64398,HT29,CQ,2.5,75,3
Lactate,1.41434,HT29,CQ,2.5,75,4
Lactate,1.49805,HT29,CQ,5,0,1
Lactate,1.54978,HT29,CQ,5,0,2
Lactate,1.53038,HT29,CQ,5,0,3
Lactate,1.58386,HT29,CQ,5,0,4
Lactate,1.66455,HT29,CQ,5,50,1
Lactate,1.6689,HT29,CQ,5,50,2
Lactate,1.61584,HT29,CQ,5,50,3
Lactate,1.6661,HT29,CQ,5,50,4
Lactate,1.88563,HT29,CQ,5,75,1
Lactate,1.71435,HT29,CQ,5,75,2
Lactate,1.89644,HT29,CQ,5,75,3
Lactate,1.81996,HT29,CQ,5,75,4
Size,129.89763,HCT116,None,0,0,1
Size,91.27111,HCT116,None,0,0,2
Size,129.06254,HCT116,None,0,0,3
Size,105.17797,HCT116,None,0,0,4
Size,130.73685,HCT116,None,0,0,5
Size,101.38333,HCT116,None,0,0,6
Size,116.3844,HCT116,None,0,0,7
Size,132.05934,HCT116,None,0,0,8
Size,123.18027,HCT116,None,0,0,9
Size,125.95145,HCT116,None,0,0,10
Size,125.28898,HCT116,None,0,0,11
Size,117.76513,HCT116,None,0,0,12
Size,129.84723,HCT116,None,0,50,1
Size,90.09075,HCT116,None,0,50,2
Size,106.6073,HCT116,None,0,50,3
Size,85.03087,HCT116,None,0,50,4
Size,101.18141,HCT116,None,0,50,5
Size,110.1546,HCT116,None,0,50,6
Size,113.08955,HCT116,None,0,50,7
Size,85.03199,HCT116,None,0,50,8
Size,105.1799,HCT116,None,0,50,9
Size,102.42252,HCT116,None,0,50,10
Size,73.3671,HCT116,None,0,50,11
Size,126.57101,HCT116,None,0,50,12
Size,91.37251,HCT116,None,0,75,1
Size,105.8839,HCT116,None,0,75,2
Size,76.14149,HCT116,None,0,75,3
Size,98.7223,HCT116,None,0,75,4
Size,87.99257,HCT116,None,0,75,5
Size,109.69371,HCT116,None,0,75,6
Size,90.20802,HCT116,None,0,75,7
Size,94.5399,HCT116,None,0,75,8
Size,105.17712,HCT116,None,0,75,9
Size,119.71408,HCT116,None,0,75,10
Size,92.97064,HCT116,None,0,75,11
Size,115.47219,HCT116,None,0,75,12
Size,123.04787,HCT116,None,2.5,0,1
Size,109.89679,HCT116,None,2.5,0,2
Size,118.85597,HCT116,None,2.5,0,3
Size,103.47418,HCT116,None,2.5,0,4
Size,118.77914,HCT116,None,2.5,0,5
Size,97.91176,HCT116,None,2.5,0,6
Size,90.16352,HCT116,None,2.5,0,7
Size,107.80861,HCT116,None,2.5,0,8
Size,112.9405,HCT116,None,2.5,0,9
Size,103.12508,HCT116,None,2.5,0,10
Size,125.99927,HCT116,None,2.5,0,11
Size,111.50884,HCT116,None,2.5,0,12
Size,101.27847,HCT116,None,2.5,50,1
Size,108.61522,HCT116,None,2.5,50,2
Size,95.04732,HCT116,None,2.5,50,3
Size,86.57165,HCT116,None,2.5,50,4
Size,96.84928,HCT116,None,2.5,50,5
Size,88.89724,HCT116,None,2.5,50,6
Size,98.51408,HCT116,None,2.5,50,7
Size,79.55517,HCT116,None,2.5,50,8
Size,102.37246,HCT116,None,2.5,50,9
Size,95.41699,HCT116,None,2.5,50,10
Size,89.80197,HCT116,None,2.5,50,11
Size,74.32076,HCT116,None,2.5,50,12
Size,77.31444,HCT116,None,2.5,75,1
Size,83.01684,HCT116,None,2.5,75,2
Size,85.37775,HCT116,None,2.5,75,3
Size,118.6008,HCT116,None,2.5,75,4
Size,56.19134,HCT116,None,2.5,75,5
Size,109.782,HCT116,None,2.5,75,6
Size,61.70227,HCT116,None,2.5,75,7
Size,107.3078,HCT116,None,2.5,75,8
Size,85.22423,HCT116,None,2.5,75,9
Size,93.63304,HCT116,None,2.5,75,10
Size,99.36275,HCT116,None,2.5,75,11
Size,107.58352,HCT116,None,2.5,75,12
Size,91.54958,HCT116,None,5,0,1
Size,95.87208,HCT116,None,5,0,2
Size,95.24595,HCT116,None,5,0,3
Size,79.48066,HCT116,None,5,0,4
Size,113.98214,HCT116,None,5,0,5
Size,107.07418,HCT116,None,5,0,6
Size,99.51911,HCT116,None,5,0,7
Size,92.25413,HCT116,None,5,0,8
Size,85.00982,HCT116,None,5,0,9
Size,106.2063,HCT116,None,5,0,10
Size,88.3275,HCT116,None,5,0,11
Size,99.29044,HCT116,None,5,0,12
Size,101.34499,HCT116,None,5,50,1
Size,99.8304,HCT116,None,5,50,2
Size,95.33949,HCT116,None,5,50,3
Size,93.78721,HCT116,None,5,50,4
Size,94.252,HCT116,None,5,50,5
Size,90.4046,HCT116,None,5,50,6
Size,83.94286,HCT116,None,5,50,7
Size,85.59617,HCT116,None,5,50,8
Size,68.30952,HCT116,None,5,50,9
Size,111.05063,HCT116,None,5,50,10
Size,79.80757,HCT116,None,5,50,11
Size,81.87844,HCT116,None,5,50,12
Size,91.48651,HCT116,None,5,75,1
Size,81.3124,HCT116,None,5,75,2
Size,76.82699,HCT116,None,5,75,3
Size,71.42521,HCT116,None,5,75,4
Size,101.97938,HCT116,None,5,75,5
Size,105.2084,HCT116,None,5,75,6
Size,83.77249,HCT116,None,5,75,7
Size,82.58049,HCT116,None,5,75,8
Size,61.3885,HCT116,None,5,75,9
Size,79.92295,HCT116,None,5,75,10
Size,80.16137,HCT116,None,5,75,11
Size,76.73698,HCT116,None,5,75,12
Size,107.32477,HCT116,3-MA,0,0,1
Size,100.78271,HCT116,3-MA,0,0,2
Size,109.12796,HCT116,3-MA,0,0,3
Size,108.26587,HCT116,3-MA,0,0,4
Size,113.71699,HCT116,3-MA,0,0,5
Size,117.15568,HCT116,3-MA,0,0,6
Size,128.52973,HCT116,3-MA,0,0,7
Size,119.60739,HCT116,3-MA,0,0,8
Size,110.88904,HCT116,3-MA,0,0,9
Size,94.30746,HCT116,3-MA,0,0,10
Size,121.42043,HCT116,3-MA,0,0,11
Size,128.59303,HCT116,3-MA,0,0,12
Size,101.45844,HCT116,3-MA,0,50,1
Size,97.73318,HCT116,3-MA,0,50,2
Size,100.76573,HCT116,3-MA,0,50,3
Size,89.01183,HCT116,3-MA,0,50,4
Size,106.18889,HCT116,3-MA,0,50,5
Size,87.38492,HCT116,3-MA,0,50,6
Size,99.95728,HCT116,3-MA,0,50,7
Size,94.87988,HCT116,3-MA,0,50,8
Size,97.79388,HCT116,3-MA,0,50,9
Size,105.72577,HCT116,3-MA,0,50,10
Size,105.24212,HCT116,3-MA,0,50,11
Size,110.41157,HCT116,3-MA,0,50,12
Size,91.27399,HCT116,3-MA,0,75,1
Size,105.51661,HCT116,3-MA,0,75,2
Size,104.13412,HCT116,3-MA,0,75,3
Size,81.85054,HCT116,3-MA,0,75,4
Size,107.39436,HCT116,3-MA,0,75,5
Size,85.87067,HCT116,3-MA,0,75,6
Size,92.32964,HCT116,3-MA,0,75,7
Size,101.89899,HCT116,3-MA,0,75,8
Size,91.16471,HCT116,3-MA,0,75,9
Size,83.08404,HCT116,3-MA,0,75,10
Size,99.28068,HCT116,3-MA,0,75,11
Size,78.80681,HCT116,3-MA,0,75,12
Size,83.62764,HCT116,3-MA,2.5,0,1
Size,108.15746,HCT116,3-MA,2.5,0,2
Size,117.21907,HCT116,3-MA,2.5,0,3
Size,93.55082,HCT116,3-MA,2.5,0,4
Size,120.56409,HCT116,3-MA,2.5,0,5
Size,89.52056,HCT116,3-MA,2.5,0,6
Size,93.33064,HCT116,3-MA,2.5,0,7
Size,93.33813,HCT116,3-MA,2.5,0,8
Size,93.71226,HCT116,3-MA,2.5,0,9
Size,83.3586,HCT116,3-MA,2.5,0,10
Size,107.79254,HCT116,3-MA,2.5,0,11
Size,100.14635,HCT116,3-MA,2.5,0,12
Size,104.91088,HCT116,3-MA,2.5,50,1
Size,89.7155,HCT116,3-MA,2.5,50,2
Size,79.25179,HCT116,3-MA,2.5,50,3
Size,82.58041,HCT116,3-MA,2.5,50,4
Size,84.66199,HCT116,3-MA,2.5,50,5
Size,98.26765,HCT116,3-MA,2.5,50,6
Size,95.78871,HCT116,3-MA,2.5,50,7
Size,92.01651,HCT116,3-MA,2.5,50,8
Size,82.88499,HCT116,3-MA,2.5,50,9
Size,112.12903,HCT116,3-MA,2.5,50,10
Size,91.38899,HCT116,3-MA,2.5,50,11
Size,83.57158,HCT116,3-MA,2.5,50,12
Size,92.70135,HCT116,3-MA,2.5,75,1
Size,107.44132,HCT116,3-MA,2.5,75,2
Size,60.01746,HCT116,3-MA,2.5,75,3
Size,86.94516,HCT116,3-MA,2.5,75,4
Size,64.93101,HCT116,3-MA,2.5,75,5
Size,81.5557,HCT116,3-MA,2.5,75,6
Size,52.51787,HCT116,3-MA,2.5,75,7
Size,78.40661,HCT116,3-MA,2.5,75,8
Size,79.87603,HCT116,3-MA,2.5,75,9
Size,108.06546,HCT116,3-MA,2.5,75,10
Size,89.50716,HCT116,3-MA,2.5,75,11
Size,88.9971,HCT116,3-MA,2.5,75,12
Size,88.80506,HCT116,3-MA,5,0,1
Size,99.41301,HCT116,3-MA,5,0,2
Size,98.01678,HCT116,3-MA,5,0,3
Size,92.69352,HCT116,3-MA,5,0,4
Size,92.08502,HCT116,3-MA,5,0,5
Size,94.87647,HCT116,3-MA,5,0,6
Size,99.87624,HCT116,3-MA,5,0,7
Size,97.35854,HCT116,3-MA,5,0,8
Size,87.49648,HCT116,3-MA,5,0,9
Size,81.25969,HCT116,3-MA,5,0,10
Size,85.83031,HCT116,3-MA,5,0,11
Size,85.94621,HCT116,3-MA,5,0,12
Size,67.40772,HCT116,3-MA,5,50,1
Size,66.86,HCT116,3-MA,5,50,2
Size,94.47705,HCT116,3-MA,5,50,3
Size,55.06101,HCT116,3-MA,5,50,4
Size,89.69349,HCT116,3-MA,5,50,5
Size,75.60402,HCT116,3-MA,5,50,6
Size,78.3147,HCT116,3-MA,5,50,7
Size,95.52318,HCT116,3-MA,5,50,8
Size,87.4976,HCT116,3-MA,5,50,9
Size,67.56427,HCT116,3-MA,5,50,10
Size,81.12793,HCT116,3-MA,5,50,11
Size,52.88897,HCT116,3-MA,5,50,12
Size,69.06447,HCT116,3-MA,5,75,1
Size,82.43712,HCT116,3-MA,5,75,2
Size,72.27464,HCT116,3-MA,5,75,3
Size,65.61408,HCT116,3-MA,5,75,4
Size,61.57562,HCT116,3-MA,5,75,5
Size,61.58241,HCT116,3-MA,5,75,6
Size,90.93437,HCT116,3-MA,5,75,7
Size,79.13337,HCT116,3-MA,5,75,8
Size,66.78361,HCT116,3-MA,5,75,9
Size,68.0721,HCT116,3-MA,5,75,10
Size,75.82899,HCT116,3-MA,5,75,11
Size,79.07962,HCT116,3-MA,5,75,12
Size,107.68481,HCT116,CQ,0,0,1
Size,108.15729,HCT116,CQ,0,0,2
Size,120.48763,HCT116,CQ,0,0,3
Size,115.16978,HCT116,CQ,0,0,4
Size,90.44469,HCT116,CQ,0,0,5
Size,96.62523,HCT116,CQ,0,0,6
Size,121.93125,HCT116,CQ,0,0,7
Size,75.9619,HCT116,CQ,0,0,8
Size,106.90841,HCT116,CQ,0,0,9
Size,108.53329,HCT116,CQ,0,0,10
Size,104.5002,HCT116,CQ,0,0,11
Size,100.91659,HCT116,CQ,0,0,12
Size,88.80544,HCT116,CQ,0,50,1
Size,91.20673,HCT116,CQ,0,50,2
Size,110.5509,HCT116,CQ,0,50,3
Size,100.24776,HCT116,CQ,0,50,4
Size,81.33824,HCT116,CQ,0,50,5
Size,103.62933,HCT116,CQ,0,50,6
Size,105.22765,HCT116,CQ,0,50,7
Size,106.95166,HCT116,CQ,0,50,8
Size,88.84825,HCT116,CQ,0,50,9
Size,85.17382,HCT116,CQ,0,50,10
Size,94.86113,HCT116,CQ,0,50,11
Size,90.5709,HCT116,CQ,0,50,12
Size,101.16102,HCT116,CQ,0,75,1
Size,113.39248,HCT116,CQ,0,75,2
Size,99.15195,HCT116,CQ,0,75,3
Size,79.13972,HCT116,CQ,0,75,4
Size,114.44462,HCT116,CQ,0,75,5
Size,93.4679,HCT116,CQ,0,75,6
Size,90.2365,HCT116,CQ,0,75,7
Size,85.92958,HCT116,CQ,0,75,8
Size,89.77524,HCT116,CQ,0,75,9
Size,87.27039,HCT116,CQ,0,75,10
Size,98.18974,HCT116,CQ,0,75,11
Size,100.08675,HCT116,CQ,0,75,12
Size,99.48594,HCT116,CQ,2.5,0,1
Size,103.02328,HCT116,CQ,2.5,0,2
Size,93.47938,HCT116,CQ,2.5,0,3
Size,88.6402,HCT116,CQ,2.5,0,4
Size,109.19184,HCT116,CQ,2.5,0,5
Size,90.10686,HCT116,CQ,2.5,0,6
Size,95.61704,HCT116,CQ,2.5,0,7
Size,104.90781,HCT116,CQ,2.5,0,8
Size,94.25875,HCT116,CQ,2.5,0,9
Size,97.27333,HCT116,CQ,2.5,0,10
Size,98.11004,HCT116,CQ,2.5,0,11
Size,91.95446,HCT116,CQ,2.5,0,12
Size,106.30959,HCT116,CQ,2.5,50,1
Size,101.39598,HCT116,CQ,2.5,50,2
Size,72.32242,HCT116,CQ,2.5,50,3
Size,88.24618,HCT116,CQ,2.5,50,4
Size,99.05926,HCT116,CQ,2.5,50,5
Size,99.47857,HCT116,CQ,2.5,50,6
Size,81.21838,HCT116,CQ,2.5,50,7
Size,69.20037,HCT116,CQ,2.5,50,8
Size,90.87059,HCT116,CQ,2.5,50,9
Size,96.31518,HCT116,CQ,2.5,50,10
Size,88.8078,HCT116,CQ,2.5,50,11
Size,87.73614,HCT116,CQ,2.5,50,12
Size,96.41106,HCT116,CQ,2.5,75,1
Size,91.86044,HCT116,CQ,2.5,75,2
Size,66.27352,HCT116,CQ,2.5,75,3
Size,82.35024,HCT116,CQ,2.5,75,4
Size,55.55344,HCT116,CQ,2.5,75,5
Size,83.00765,HCT116,CQ,2.5,75,6
Size,101.41289,HCT116,CQ,2.5,75,7
Size,83.61596,HCT116,CQ,2.5,75,8
Size,69.01768,HCT116,CQ,2.5,75,9
Size,99.8655,HCT116,CQ,2.5,75,10
Size,68.80938,HCT116,CQ,2.5,75,11
Size,77.14425,HCT116,CQ,2.5,75,12
Size,90.86409,HCT116,CQ,5,0,1
Size,79.71089,HCT116,CQ,5,0,2
Size,95.51153,HCT116,CQ,5,0,3
Size,105.18252,HCT116,CQ,5,0,4
Size,99.26935,HCT116,CQ,5,0,5
Size,102.2084,HCT116,CQ,5,0,6
Size,102.38043,HCT116,CQ,5,0,7
Size,89.9725,HCT116,CQ,5,0,8
Size,89.96859,HCT116,CQ,5,0,9
Size,105.55792,HCT116,CQ,5,0,10
Size,90.61557,HCT116,CQ,5,0,11
Size,93.58218,HCT116,CQ,5,0,12
Size,82.46671,HCT116,CQ,5,50,1
Size,79.71112,HCT116,CQ,5,50,2
Size,77.4619,HCT116,CQ,5,50,3
Size,89.31065,HCT116,CQ,5,50,4
Size,74.8538,HCT116,CQ,5,50,5
Size,75.41006,HCT116,CQ,5,50,6
Size,85.4295,HCT116,CQ,5,50,7
Size,74.97808,HCT116,CQ,5,50,8
Size,91.62684,HCT116,CQ,5,50,9
Size,89.93507,HCT116,CQ,5,50,10
Size,63.849,HCT116,CQ,5,50,11
Size,76.35088,HCT116,CQ,5,50,12
Size,62.75237,HCT116,CQ,5,75,1
Size,76.38265,HCT116,CQ,5,75,2
Size,65.4287,HCT116,CQ,5,75,3
Size,72.6923,HCT116,CQ,5,75,4
Size,94.7092,HCT116,CQ,5,75,5
Size,72.82511,HCT116,CQ,5,75,6
Size,63.52527,HCT116,CQ,5,75,7
Size,64.52217,HCT116,CQ,5,75,8
Size,71.87099,HCT116,CQ,5,75,9
Size,62.6336,HCT116,CQ,5,75,10
Size,92.15167,HCT116,CQ,5,75,11
Size,62.77572,HCT116,CQ,5,75,12
Size,121.43925,HT29,None,0,0,1
Size,101.92098,HT29,None,0,0,2
Size,124.5611,HT29,None,0,0,3
Size,116.20667,HT29,None,0,0,4
Size,110.924,HT29,None,0,0,5
Size,127.21402,HT29,None,0,0,6
Size,115.5159,HT29,None,0,0,7
Size,99.15079,HT29,None,0,0,8
Size,128.22775,HT29,None,0,0,9
Size,125.00789,HT29,None,0,0,10
Size,127.17515,HT29,None,0,0,11
Size,122.93399,HT29,None,0,0,12
Size,112.75081,HT29,None,0,50,1
Size,117.89974,HT29,None,0,50,2
Size,117.2747,HT29,None,0,50,3
Size,106.65433,HT29,None,0,50,4
Size,115.83525,HT29,None,0,50,5
Size,95.43818,HT29,None,0,50,6
Size,135.44078,HT29,None,0,50,7
Size,128.50622,HT29,None,0,50,8
Size,101.99571,HT29,None,0,50,9
Size,104.72501,HT29,None,0,50,10
Size,107.09487,HT29,None,0,50,11
Size,114.72148,HT29,None,0,50,12
Size,115.97938,HT29,None,0,75,1
Size,108.47909,HT29,None,0,75,2
Size,117.94251,HT29,None,0,75,3
Size,98.72129,HT29,None,0,75,4
Size,108.38897,HT29,None,0,75,5
Size,91.95045,HT29,None,0,75,6
Size,110.5672,HT29,None,0,75,7
Size,111.11975,HT29,None,0,75,8
Size,102.27373,HT29,None,0,75,9
Size,106.87013,HT29,None,0,75,10
Size,112.44299,HT29,None,0,75,11
Size,108.35123,HT29,None,0,75,12
Size,119.66764,HT29,None,2.5,0,1
Size,118.13446,HT29,None,2.5,0,2
Size,128.19557,HT29,None,2.5,0,3
Size,116.98724,HT29,None,2.5,0,4
Size,101.6787,HT29,None,2.5,0,5
Size,123.48589,HT29,None,2.5,0,6
Size,116.56094,HT29,None,2.5,0,7
Size,121.3677,HT29,None,2.5,0,8
Size,119.14077,HT29,None,2.5,0,9
Size,124.91118,HT29,None,2.5,0,10
Size,123.31481,HT29,None,2.5,0,11
Size,104.55863,HT29,None,2.5,0,12
Size,112.39164,HT29,None,2.5,50,1
Size,121.95664,HT29,None,2.5,50,2
Size,115.172,HT29,None,2.5,50,3
Size,101.87366,HT29,None,2.5,50,4
Size,101.87678,HT29,None,2.5,50,5
Size,116.77279,HT29,None,2.5,50,6
Size,130.66396,HT29,None,2.5,50,7
Size,123.93419,HT29,None,2.5,50,8
Size,81.00382,HT29,None,2.5,50,9
Size,123.21263,HT29,None,2.5,50,10
Size,88.37505,HT29,None,2.5,50,11
Size,119.22391,HT29,None,2.5,50,12
Size,85.82138,HT29,None,2.5,75,1
Size,77.20527,HT29,None,2.5,75,2
Size,108.8526,HT29,None,2.5,75,3
Size,100.5976,HT29,None,2.5,75,4
Size,112.05675,HT29,None,2.5,75,5
Size,120.11141,HT29,None,2.5,75,6
Size,94.43077,HT29,None,2.5,75,7
Size,105.22235,HT29,None,2.5,75,8
Size,108.53148,HT29,None,2.5,75,9
Size,94.3576,HT29,None,2.5,75,10
Size,94.45052,HT29,None,2.5,75,11
Size,104.20039,HT29,None,2.5,75,12
Size,98.96532,HT29,None,5,0,1
Size,80.35462,HT29,None,5,0,2
Size,119.23274,HT29,None,5,0,3
Size,97.64272,HT29,None,5,0,4
Size,92.49794,HT29,None,5,0,5
Size,114.40997,HT29,None,5,0,6
Size,133.28726,HT29,None,5,0,7
Size,124.12884,HT29,None,5,0,8
Size,117.88328,HT29,None,5,0,9
Size,106.99998,HT29,None,5,0,10
Size,117.57725,HT29,None,5,0,11
Size,88.73836,HT29,None,5,0,12
Size,81.59756,HT29,None,5,50,1
Size,87.64059,HT29,None,5,50,2
Size,110.0221,HT29,None,5,50,3
Size,96.40033,HT29,None,5,50,4
Size,83.80523,HT29,None,5,50,5
Size,107.23858,HT29,None,5,50,6
Size,100.07111,HT29,None,5,50,7
Size,99.19855,HT29,None,5,50,8
Size,89.12243,HT29,None,5,50,9
Size,82.25315,HT29,None,5,50,10
Size,104.23534,HT29,None,5,50,11
Size,97.48858,HT29,None,5,50,12
Size,96.57584,HT29,None,5,75,1
Size,105.32111,HT29,None,5,75,2
Size,93.27266,HT29,None,5,75,3
Size,84.02117,HT29,None,5,75,4
Size,96.40383,HT29,None,5,75,5
Size,93.50473,HT29,None,5,75,6
Size,87.64089,HT29,None,5,75,7
Size,100.2399,HT29,None,5,75,8
Size,80.0771,HT29,None,5,75,9
Size,84.35001,HT29,None,5,75,10
Size,88.98509,HT29,None,5,75,11
Size,79.46005,HT29,None,5,75,12
Size,106.45636,HT29,3-MA,0,0,1
Size,120.99625,HT29,3-MA,0,0,2
Size,119.62157,HT29,3-MA,0,0,3
Size,114.93912,HT29,3-MA,0,0,4
Size,128.7221,HT29,3-MA,0,0,5
Size,115.62263,HT29,3-MA,0,0,6
Size,108.49688,HT29,3-MA,0,0,7
Size,116.44667,HT29,3-MA,0,0,8
Size,107.3994,HT29,3-MA,0,0,9
Size,119.16707,HT29,3-MA,0,0,10
Size,119.40882,HT29,3-MA,0,0,11
Size,132.24739,HT29,3-MA,0,0,12
Size,102.15297,HT29,3-MA,0,50,1
Size,92.47062,HT29,3-MA,0,50,2
Size,131.5573,HT29,3-MA,0,50,3
Size,109.17771,HT29,3-MA,0,50,4
Size,107.31604,HT29,3-MA,0,50,5
Size,121.51555,HT29,3-MA,0,50,6
Size,128.11359,HT29,3-MA,0,50,7
Size,105.2899,HT29,3-MA,0,50,8
Size,113.68002,HT29,3-MA,0,50,9
Size,115.23058,HT29,3-MA,0,50,10
Size,116.44186,HT29,3-MA,0,50,11
Size,113.37204,HT29,3-MA,0,50,12
Size,98.64651,HT29,3-MA,0,75,1
Size,88.63944,HT29,3-MA,0,75,2
Size,100.26717,HT29,3-MA,0,75,3
Size,105.75565,HT29,3-MA,0,75,4
Size,88.83991,HT29,3-MA,0,75,5
Size,98.90671,HT29,3-MA,0,75,6
Size,102.18112,HT29,3-MA,0,75,7
Size,121.56006,HT29,3-MA,0,75,8
Size,89.43853,HT29,3-MA,0,75,9
Size,104.63998,HT29,3-MA,0,75,10
Size,99.31014,HT29,3-MA,0,75,11
Size,86.59401,HT29,3-MA,0,75,12
Size,107.21588,HT29,3-MA,2.5,0,1
Size,136.22086,HT29,3-MA,2.5,0,2
Size,117.15371,HT29,3-MA,2.5,0,3
Size,113.73108,HT29,3-MA,2.5,0,4
Size,109.81702,HT29,3-MA,2.5,0,5
Size,121.24236,HT29,3-MA,2.5,0,6
Size,84.9421,HT29,3-MA,2.5,0,7
Size,124.07314,HT29,3-MA,2.5,0,8
Size,88.14606,HT29,3-MA,2.5,0,9
Size,122.31177,HT29,3-MA,2.5,0,10
Size,121.39993,HT29,3-MA,2.5,0,11
Size,128.02936,HT29,3-MA,2.5,0,12
Size,114.849,HT29,3-MA,2.5,50,1
Size,94.93468,HT29,3-MA,2.5,50,2
Size,103.03017,HT29,3-MA,2.5,50,3
Size,78.56709,HT29,3-MA,2.5,50,4
Size,88.14624,HT29,3-MA,2.5,50,5
Size,115.95744,HT29,3-MA,2.5,50,6
Size,92.50108,HT29,3-MA,2.5,50,7
Size,124.19015,HT29,3-MA,2.5,50,8
Size,116.25239,HT29,3-MA,2.5,50,9
Size,87.46766,HT29,3-MA,2.5,50,10
Size,98.25058,HT29,3-MA,2.5,50,11
Size,109.10465,HT29,3-MA,2.5,50,12
Size,82.13572,HT29,3-MA,2.5,75,1
Size,95.50158,HT29,3-MA,2.5,75,2
Size,86.80987,HT29,3-MA,2.5,75,3
Size,109.74617,HT29,3-MA,2.5,75,4
Size,93.25365,HT29,3-MA,2.5,75,5
Size,86.96412,HT29,3-MA,2.5,75,6
Size,107.73137,HT29,3-MA,2.5,75,7
Size,86.42529,HT29,3-MA,2.5,75,8
Size,93.76985,HT29,3-MA,2.5,75,9
Size,101.06314,HT29,3-MA,2.5,75,10
Size,89.28554,HT29,3-MA,2.5,75,11
Size,79.09868,HT29,3-MA,2.5,75,12
Size,109.67806,HT29,3-MA,5,0,1
Size,99.71679,HT29,3-MA,5,0,2
Size,113.49626,HT29,3-MA,5,0,3
Size,104.90935,HT29,3-MA,5,0,4
Size,99.38487,HT29,3-MA,5,0,5
Size,121.3076,HT29,3-MA,5,0,6
Size,107.55168,HT29,3-MA,5,0,7
Size,108.277,HT29,3-MA,5,0,8
Size,120.4722,HT29,3-MA,5,0,9
Size,84.0347,HT29,3-MA,5,0,10
Size,91.57936,HT29,3-MA,5,0,11
Size,116.2704,HT29,3-MA,5,0,12
Size,105.39745,HT29,3-MA,5,50,1
Size,74.25913,HT29,3-MA,5,50,2
Size,94.79985,HT29,3-MA,5,50,3
Size,70.74789,HT29,3-MA,5,50,4
Size,89.67174,HT29,3-MA,5,50,5
Size,86.33435,HT29,3-MA,5,50,6
Size,84.21309,HT29,3-MA,5,50,7
Size,85.7694,HT29,3-MA,5,50,8
Size,98.5824,HT29,3-MA,5,50,9
Size,96.05862,HT29,3-MA,5,50,10
Size,72.59492,HT29,3-MA,5,50,11
Size,84.26497,HT29,3-MA,5,50,12
Size,97.42977,HT29,3-MA,5,75,1
Size,81.06799,HT29,3-MA,5,75,2
Size,76.86413,HT29,3-MA,5,75,3
Size,55.16623,HT29,3-MA,5,75,4
Size,85.28636,HT29,3-MA,5,75,5
Size,98.03511,HT29,3-MA,5,75,6
Size,79.17804,HT29,3-MA,5,75,7
Size,75.52276,HT29,3-MA,5,75,8
Size,80.18688,HT29,3-MA,5,75,9
Size,67.14486,HT29,3-MA,5,75,10
Size,91.24387,HT29,3-MA,5,75,11
Size,92.61993,HT29,3-MA,5,75,12
Size,136.14281,HT29,CQ,0,0,1
Size,105.37544,HT29,CQ,0,0,2
Size,106.73641,HT29,CQ,0,0,3
Size,126.71214,HT29,CQ,0,0,4
Size,132.55563,HT29,CQ,0,0,5
Size,97.85203,HT29,CQ,0,0,6
Size,105.46023,HT29,CQ,0,0,7
Size,118.94959,HT29,CQ,0,0,8
Size,122.85327,HT29,CQ,0,0,9
Size,132.81824,HT29,CQ,0,0,10
Size,149.81151,HT29,CQ,0,0,11
Size,120.55604,HT29,CQ,0,0,12
Size,111.75169,HT29,CQ,0,50,1
Size,103.67315,HT29,CQ,0,50,2
Size,109.78726,HT29,CQ,0,50,3
Size,105.26737,HT29,CQ,0,50,4
Size,94.93016,HT29,CQ,0,50,5
Size,106.59282,HT29,CQ,0,50,6
Size,109.35,HT29,CQ,0,50,7
Size,86.15686,HT29,CQ,0,50,8
Size,97.19794,HT29,CQ,0,50,9
Size,121.479,HT29,CQ,0,50,10
Size,89.71658,HT29,CQ,0,50,11
Size,117.47991,HT29,CQ,0,50,12
Size,115.82574,HT29,CQ,0,75,1
Size,118.88202,HT29,CQ,0,75,2
Size,120.77029,HT29,CQ,0,75,3
Size,108.49845,HT29,CQ,0,75,4
Size,101.13558,HT29,CQ,0,75,5
Size,95.148,HT29,CQ,0,75,6
Size,113.75226,HT29,CQ,0,75,7
Size,96.88518,HT29,CQ,0,75,8
Size,109.92532,HT29,CQ,0,75,9
Size,103.35629,HT29,CQ,0,75,10
Size,105.43764,HT29,CQ,0,75,11
Size,97.94985,HT29,CQ,0,75,12
Size,104.2511,HT29,CQ,2.5,0,1
Size,118.94561,HT29,CQ,2.5,0,2
Size,96.22203,HT29,CQ,2.5,0,3
Size,89.60681,HT29,CQ,2.5,0,4
Size,99.34186,HT29,CQ,2.5,0,5
Size,111.62269,HT29,CQ,2.5,0,6
Size,122.9898,HT29,CQ,2.5,0,7
Size,120.28845,HT29,CQ,2.5,0,8
Size,111.64575,HT29,CQ,2.5,0,9
Size,121.86756,HT29,CQ,2.5,0,10
Size,135.60041,HT29,CQ,2.5,0,11
Size,119.19363,HT29,CQ,2.5,0,12
Size,109.63798,HT29,CQ,2.5,50,1
Size,106.59143,HT29,CQ,2.5,50,2
Size,88.21354,HT29,CQ,2.5,50,3
Size,89.65015,HT29,CQ,2.5,50,4
Size,84.87249,HT29,CQ,2.5,50,5
Size,96.51962,HT29,CQ,2.5,50,6
Size,89.74586,HT29,CQ,2.5,50,7
Size,96.49348,HT29,CQ,2.5,50,8
Size,100.39361,HT29,CQ,2.5,50,9
Size,88.95674,HT29,CQ,2.5,50,10
Size,95.51173,HT29,CQ,2.5,50,11
Size,85.21428,HT29,CQ,2.5,50,12
Size,85.82828,HT29,CQ,2.5,75,1
Size,81.7072,HT29,CQ,2.5,75,2
Size,70.60732,HT29,CQ,2.5,75,3
Size,96.12607,HT29,CQ,2.5,75,4
Size,83.92331,HT29,CQ,2.5,75,5
Size,92.07669,HT29,CQ,2.5,75,6
Size,92.13419,HT29,CQ,2.5,75,7
Size,91.71165,HT29,CQ,2.5,75,8
Size,82.41507,HT29,CQ,2.5,75,9
Size,83.88664,HT29,CQ,2.5,75,10
Size,85.96815,HT29,CQ,2.5,75,11
Size,67.99664,HT29,CQ,2.5,75,12
Size,90.07538,HT29,CQ,5,0,1
Size,99.78511,HT29,CQ,5,0,2
Size,87.7558,HT29,CQ,5,0,3
Size,116.54474,HT29,CQ,5,0,4
Size,109.55771,HT29,CQ,5,0,5
Size,116.76898,HT29,CQ,5,0,6
Size,92.76725,HT29,CQ,5,0,7
Size,117.98378,HT29,CQ,5,0,8
Size,102.93957,HT29,CQ,5,0,9
Size,113.28594,HT29,CQ,5,0,10
Size,97.61147,HT29,CQ,5,0,11
Size,69.27618,HT29,CQ,5,0,12
Size,92.37694,HT29,CQ,5,50,1
Size,97.56392,HT29,CQ,5,50,2
Size,98.45473,HT29,CQ,5,50,3
Size,94.3874,HT29,CQ,5,50,4
Size,88.09861,HT29,CQ,5,50,5
Size,103.78505,HT29,CQ,5,50,6
Size,96.49666,HT29,CQ,5,50,7
Size,87.2937,HT29,CQ,5,50,8
Size,94.50007,HT29,CQ,5,50,9
Size,103.86415,HT29,CQ,5,50,10
Size,93.17787,HT29,CQ,5,50,11
Size,84.37735,HT29,CQ,5,50,12
Size,97.19773,HT29,CQ,5,75,1
Size,72.47747,HT29,CQ,5,75,2
Size,77.16366,HT29,CQ,5,75,3
Size,88.72669,HT29,CQ,5,75,4
Size,83.71839,HT29,CQ,5,75,5
Size,94.99419,HT29,CQ,5,75,6
Size,81.45402,HT29,CQ,5,75,7
Size,73.64581,HT29,CQ,5,75,8
Size,65.71793,HT29,CQ,5,75,9
Size,75.53641,HT29,CQ,5,75,10
Size,90.65221,HT29,CQ,5,75,11
Size,100.99565,HT29,CQ,5,75,12
